{
  "subject_id": "1",
  "score": 0.7248239662316023,
  "scores": {
    "voice": 7.2786706811300155,
    "eye": -47.171805121008724,
    "game": 42.77526874663561,
    "subjective": null
  },
  "feature_contributions": {
    "voice": {
      "dLPC": {
        "weighted_contribution": 0.1174967857548353,
        "fatigue_score": 0.1468709821935441,
        "relative_change": 0.05917637097748924,
        "normalized_effect": 0.2958818400933542,
        "raw_sigmoid": 0.573435491096772,
        "better_than_baseline": false,
        "weight": 0.8,
        "direction": 1,
        "expected_change": 0.2,
        "std": null,
        "baseline": 0.42,
        "current": 0.4448540764023092
      },
      "PARCOR": {
        "weighted_contribution": 0.1190549354532573,
        "fatigue_score": 0.15461679928994454,
        "relative_change": 0.031173380704772744,
        "normalized_effect": 0.31173377587434986,
        "raw_sigmoid": 0.5773083996449723,
        "better_than_baseline": false,
        "weight": 0.77,
        "direction": 1,
        "expected_change": 0.1,
        "std": null,
        "baseline": 0.55,
        "current": 0.5671453596993589
      },
      "LPC": {
        "weighted_contribution": -0.21863146408650166,
        "fatigue_score": -0.2876729790611864,
        "relative_change": -0.07104659045788288,
        "normalized_effect": -0.5920548711444514,
        "raw_sigmoid": 0.3561635104694068,
        "better_than_baseline": true,
        "weight": 0.76,
        "direction": 1,
        "expected_change": 0.12,
        "std": null,
        "baseline": 0.61,
        "current": 0.5666615791102255
      },
      "Pitch": {
        "weighted_contribution": 0.2650049282759969,
        "fatigue_score": 0.34869069509999595,
        "relative_change": 0.021837148020966108,
        "normalized_effect": 0.7279048932290905,
        "raw_sigmoid": 0.674345347549998,
        "better_than_baseline": false,
        "weight": 0.76,
        "direction": 1,
        "expected_change": 0.18,
        "std": {
          "male": 20.0,
          "female": 30.0
        },
        "baseline": 120.0,
        "current": 122.6204577627343
      },
      "MFCC": {
        "weighted_contribution": -0.003424231242195208,
        "fatigue_score": -0.0045656416562602775,
        "relative_change": -0.02922031113200304,
        "normalized_effect": -0.009131346760769427,
        "raw_sigmoid": 0.49771717917186986,
        "better_than_baseline": true,
        "weight": 0.75,
        "direction": 1,
        "expected_change": 0.2,
        "std": 8.0,
        "baseline": 0.5,
        "current": 0.48538984414179537
      }
    },
    "eye": {
      "fixation_duration": {
        "weighted_contribution": 0.5320176514907469,
        "fatigue_score": 0.5320176514907469,
        "relative_change": 0.24257259188901864,
        "normalized_effect": 1.1859102937491834,
        "raw_sigmoid": 0.7660088257453734,
        "better_than_baseline": false,
        "weight": 1.0,
        "direction": 1,
        "expected_change": 0.5,
        "std": 0.09,
        "baseline": 0.22,
        "current": 0.27336597264131
      },
      "fixation_count": {
        "weighted_contribution": -0.9,
        "fatigue_score": -1.0,
        "relative_change": -0.09336687626672197,
        "normalized_effect": -124.4891593647454,
        "raw_sigmoid": 8.610830315140725e-55,
        "better_than_baseline": true,
        "weight": 0.9,
        "direction": 1,
        "expected_change": 0.45,
        "std": 0.2,
        "baseline": 120.0,
        "current": 108.7959748470597
      },
      "saccade_count": {
        "weighted_contribution": -1.0,
        "fatigue_score": -1.0,
        "relative_change": -0.036494418964035095,
        "normalized_effect": -45.24101236569805,
        "raw_sigmoid": 2.2494584406099635e-20,
        "better_than_baseline": true,
        "weight": 1.0,
        "direction": 1,
        "expected_change": 0.55,
        "std": 0.22,
        "baseline": 150.0,
        "current": 144.5258371550298
      }
    },
    "game": {
      "score": {
        "weighted_contribution": 0.35075720372241204,
        "fatigue_score": 0.4277526874663562,
        "relative_change": -0.09411764704775087,
        "normalized_effect": -0.9142856773454998,
        "raw_sigmoid": 0.7138763437331781,
        "better_than_baseline": false,
        "weight": 0.82,
        "direction": -1,
        "expected_change": 0.25,
        "std": 35.0,
        "baseline": 85.0,
        "current": 77.0
      }
    },
    "subjective": {}
  },
  "features": {
    "voice": {
      "dLPC": 0.4448540764023092,
      "PARCOR": 0.5671453596993589,
      "LPC": 0.5666615791102255,
      "Pitch": 122.6204577627343,
      "MFCC": 0.48538984414179537
    },
    "eye": {
      "fixation_duration": 0.27336597264131,
      "fixation_count": 108.7959748470597,
      "saccade_count": 144.5258371550298
    },
    "game": {
      "score": 77
    }
  },
  "baseline": {
    "voice": {
      "dLPC": 0.42,
      "PARCOR": 0.55,
      "LPC": 0.61,
      "Pitch": 120.0,
      "MFCC": 0.5
    },
    "eye": {
      "fixation_duration": 0.22,
      "fixation_count": 120,
      "saccade_count": 150
    },
    "game": {
      "score": 85
    },
    "questionnaire": {
      "fatigue_self": 1,
      "sleep_last": 7,
      "sleep_previous": 7
    }
  }
}