{
  "subject_id": 1,
  "subject_info": {
    "name": "ישראל ישראלי",
    "sex": "male",
    "age": 28
  },
  "score": 38.78726775980564,
  "scores": {
    "voice": 3.8909012570806487,
    "eye": 10.442875490577006,
    "game": 99.98791787713053,
    "subjective": -33.33333333333333
  },
  "feature_contributions": {
    "voice": {
      "dLPC": {
        "weighted_contribution": 0.1385641588387582,
        "fatigue_score": 0.17320519854844774,
        "relative_change": 0.0699876490879377,
        "normalized_effect": 0.34993822794277707,
        "raw_sigmoid": 0.5866025992742239,
        "better_than_baseline": false,
        "weight": 0.8,
        "direction": 1,
        "expected_change": 0.2,
        "std": null,
        "baseline": 0.42,
        "current": 0.4493948133168103
      },
      "PARCOR": {
        "weighted_contribution": 0.26035515932671066,
        "fatigue_score": 0.33812358354118266,
        "relative_change": 0.07039448147745168,
        "normalized_effect": 0.7039447443800424,
        "raw_sigmoid": 0.6690617917705913,
        "better_than_baseline": false,
        "weight": 0.77,
        "direction": 1,
        "expected_change": 0.1,
        "std": null,
        "baseline": 0.55,
        "current": 0.5887169655165433
      },
      "LPC": {
        "weighted_contribution": 0.030886590430625728,
        "fatigue_score": 0.0406402505666128,
        "relative_change": 0.0097590360893451,
        "normalized_effect": 0.08132529396743467,
        "raw_sigmoid": 0.5203201252833064,
        "better_than_baseline": false,
        "weight": 0.76,
        "direction": 1,
        "expected_change": 0.12,
        "std": null,
        "baseline": 0.61,
        "current": 0.6159530121120909
      },
      "Pitch": {
        "weighted_contribution": -0.2746017472764206,
        "fatigue_score": -0.3613180885216061,
        "relative_change": -0.0227040658563121,
        "normalized_effect": -0.7568021527874382,
        "raw_sigmoid": 0.31934095573919696,
        "better_than_baseline": true,
        "weight": 0.76,
        "direction": 1,
        "expected_change": 0.18,
        "std": {
          "male": 20.0,
          "female": 30.0
        },
        "baseline": 120.0,
        "current": 117.27551209701551
      },
      "MFCC": {
        "weighted_contribution": -0.005793553047777122,
        "fatigue_score": -0.007724737397036163,
        "relative_change": -0.04943930526401302,
        "normalized_effect": -0.015449782103202733,
        "raw_sigmoid": 0.4961376313014819,
        "better_than_baseline": true,
        "weight": 0.75,
        "direction": 1,
        "expected_change": 0.2,
        "std": 8.0,
        "baseline": 0.5,
        "current": 0.47528034687360043
      }
    },
    "eye": {
      "fixation_duration": {
        "weighted_contribution": 0.20284338922673317,
        "fatigue_score": 0.20284338922673317,
        "relative_change": 0.08414844915473885,
        "normalized_effect": 0.4113923641517235,
        "raw_sigmoid": 0.6014216946133666,
        "better_than_baseline": false,
        "weight": 1.0,
        "direction": 1,
        "expected_change": 0.5,
        "std": 0.09,
        "baseline": 0.22,
        "current": 0.23851265965552704
      },
      "fixation_count": {
        "weighted_contribution": -0.9,
        "fatigue_score": -1.0,
        "relative_change": -0.12938399278574753,
        "normalized_effect": -172.5119779217981,
        "raw_sigmoid": 1.1994990997248756e-75,
        "better_than_baseline": true,
        "weight": 0.9,
        "direction": 1,
        "expected_change": 0.45,
        "std": 0.2,
        "baseline": 120.0,
        "current": 104.47392086441646
      },
      "saccade_count": {
        "weighted_contribution": 1.0,
        "fatigue_score": 1.0,
        "relative_change": 0.13163684133529754,
        "normalized_effect": 163.18615656000995,
        "raw_sigmoid": 1.0,
        "better_than_baseline": false,
        "weight": 1.0,
        "direction": 1,
        "expected_change": 0.55,
        "std": 0.22,
        "baseline": 150.0,
        "current": 169.745526201611
      }
    },
    "game": {
      "score": {
        "weighted_contribution": 0.8199009265924703,
        "fatigue_score": 0.9998791787713053,
        "relative_change": -0.999999999882353,
        "normalized_effect": -9.714285321795934,
        "raw_sigmoid": 0.9999395893856526,
        "better_than_baseline": false,
        "weight": 0.82,
        "direction": -1,
        "expected_change": 0.25,
        "std": 35.0,
        "baseline": 85.0,
        "current": 0.0
      }
    },
    "subjective": {
      "fatigue_self": {
        "weighted_contribution": 0.0,
        "fatigue_score": 0.0,
        "relative_change": null,
        "normalized_effect": 0.0,
        "raw_sigmoid": null,
        "better_than_baseline": false,
        "weight": 0.0,
        "direction": 1,
        "expected_change": null,
        "std": null,
        "baseline": 1.0,
        "current": 5.0
      },
      "sleep_last": {
        "weighted_contribution": -0.0,
        "fatigue_score": -0.5,
        "relative_change": null,
        "normalized_effect": -0.5,
        "raw_sigmoid": null,
        "better_than_baseline": true,
        "weight": 0.0,
        "direction": -1,
        "expected_change": null,
        "std": null,
        "baseline": 7.0,
        "current": 6.0
      },
      "sleep_previous": {
        "weighted_contribution": -0.0,
        "fatigue_score": -0.5,
        "relative_change": null,
        "normalized_effect": -0.5,
        "raw_sigmoid": null,
        "better_than_baseline": true,
        "weight": 0.0,
        "direction": -1,
        "expected_change": null,
        "std": null,
        "baseline": 7.0,
        "current": 6.0
      }
    }
  },
  "features": {
    "voice": {
      "dLPC": 0.4493948133168103,
      "PARCOR": 0.5887169655165433,
      "LPC": 0.6159530121120909,
      "Pitch": 117.27551209701551,
      "MFCC": 0.47528034687360043
    },
    "eye": {
      "fixation_duration": 0.23851265965552704,
      "fixation_count": 104.47392086441646,
      "saccade_count": 169.745526201611
    },
    "game": {
      "score": 0
    },
    "questionnaire": {
      "fatigue_self": 5,
      "sleep_last": 6,
      "sleep_previous": 6
    }
  },
  "baseline": {
    "voice": {
      "dLPC": 0.42,
      "PARCOR": 0.55,
      "LPC": 0.61,
      "Pitch": 120.0,
      "MFCC": 0.5
    },
    "eye": {
      "fixation_duration": 0.22,
      "fixation_count": 120,
      "saccade_count": 150
    },
    "game": {
      "score": 85
    },
    "questionnaire": {
      "fatigue_self": 1,
      "sleep_last": 7,
      "sleep_previous": 7
    }
  }
}