subject_id,modality,feature,baseline,current,fatigue_score,relative_change,normalized_effect,raw_sigmoid,weight,direction,expected_change,contribution,better_than_baseline
1,voice,dLPC,0.42,0.45192303180297533,0.18776360261224578,0.0760072167688171,0.38003606484228225,0.5938818013061229,0.8,1,0.2,0.15021088208979663,False
1,voice,PARCOR,0.55,0.6035829919554594,0.4519260742701612,0.09742361996586026,0.9742361022349924,0.7259630371350806,0.77,1,0.1,0.3479830771880241,False
1,voice,LPC,0.61,0.637306765641324,0.18438823980330343,0.044765188842085524,0.3730432092637786,0.5921941199016517,0.76,1,0.12,0.14013506225051062,False
1,voice,Pitch,120.0,123.95260617846722,0.49975013728766293,0.03293838481781531,1.097946099047865,0.7498750686438315,0.76,1,0.18,0.37981010433862383,False
1,voice,MFCC,0.5,0.46254273840621424,-0.011704858833702425,-0.07491452168928109,-0.02341078682809751,0.4941475705831488,0.75,1,0.2,-0.008778644125276819,True
1,eye,fixation_duration,0.22,0.2624786073559955,0.43980131248921195,0.1930845701143172,0.9439688856829614,0.719900656244606,1.0,1,0.5,0.43980131248921195,False
1,eye,fixation_count,120.0,137.25741052413673,1.0,0.14381175435582177,191.74899195922384,1.0,0.9,1,0.45,0.9,False
1,eye,saccade_count,150.0,170.19980848854712,1.0,0.13466538991466978,166.94055538643116,1.0,1.0,1,0.55,1.0,False
1,game,score,85.0,77.0,0.4277526874663562,-0.09411764704775087,-0.9142856773454998,0.7138763437331781,0.82,-1,0.25,0.35075720372241204,False
