{
  "subject_id": 1,
  "subject_info": {
    "name": "ישראל ישראלי",
    "sex": "male",
    "age": 28
  },
  "score": 17.171497283448314,
  "scores": {
    "voice": 16.02809203371859,
    "eye": 7.653380520843829,
    "game": 27.818547967522854,
    "subjective": -33.33333333333333
  },
  "feature_contributions": {
    "voice": {
      "dLPC": {
        "weighted_contribution": 0.0689182257966829,
        "fatigue_score": 0.08614778224585362,
        "relative_change": 0.03454474165310711,
        "normalized_effect": 0.17272369962935055,
        "raw_sigmoid": 0.5430738911229268,
        "better_than_baseline": false,
        "weight": 0.8,
        "direction": 1,
        "expected_change": 0.2,
        "std": null,
        "baseline": 0.42,
        "current": 0.4345087918397524
      },
      "PARCOR": {
        "weighted_contribution": 0.04227949221991155,
        "fatigue_score": 0.054908431454430584,
        "relative_change": 0.010992743757483584,
        "normalized_effect": 0.10992742658209317,
        "raw_sigmoid": 0.5274542157272153,
        "better_than_baseline": false,
        "weight": 0.77,
        "direction": 1,
        "expected_change": 0.1,
        "std": null,
        "baseline": 0.55,
        "current": 0.5560460091765435
      },
      "LPC": {
        "weighted_contribution": 0.2410221930636047,
        "fatigue_score": 0.3171344645573746,
        "relative_change": 0.07882990603861151,
        "normalized_effect": 0.6569158289121102,
        "raw_sigmoid": 0.6585672322786873,
        "better_than_baseline": false,
        "weight": 0.76,
        "direction": 1,
        "expected_change": 0.12,
        "std": null,
        "baseline": 0.61,
        "current": 0.6580862434718521
      },
      "Pitch": {
        "weighted_contribution": 0.27162093181666824,
        "fatigue_score": 0.35739596291666875,
        "relative_change": 0.022433841689142704,
        "normalized_effect": 0.7477946810533772,
        "raw_sigmoid": 0.6786979814583344,
        "better_than_baseline": false,
        "weight": 0.76,
        "direction": 1,
        "expected_change": 0.18,
        "std": {
          "male": 20.0,
          "female": 30.0
        },
        "baseline": 120.0,
        "current": 122.69206100292146
      },
      "MFCC": {
        "weighted_contribution": -0.008362108802073442,
        "fatigue_score": -0.01114947840276459,
        "relative_change": -0.07135962245830087,
        "normalized_effect": -0.022299880875350123,
        "raw_sigmoid": 0.4944252607986177,
        "better_than_baseline": true,
        "weight": 0.75,
        "direction": 1,
        "expected_change": 0.2,
        "std": 8.0,
        "baseline": 0.5,
        "current": 0.46432018805725334
      }
    },
    "eye": {
      "fixation_duration": {
        "weighted_contribution": 0.12194803510447105,
        "fatigue_score": 0.12194803510447105,
        "relative_change": 0.05013736879294226,
        "normalized_effect": 0.2451159930725092,
        "raw_sigmoid": 0.5609740175522355,
        "better_than_baseline": false,
        "weight": 1.0,
        "direction": 1,
        "expected_change": 0.5,
        "std": 0.09,
        "baseline": 0.22,
        "current": 0.231030221635821
      },
      "fixation_count": {
        "weighted_contribution": -0.9,
        "fatigue_score": -1.0,
        "relative_change": -0.12426074070466642,
        "normalized_effect": -165.68097564037345,
        "raw_sigmoid": 1.1108784016392518e-72,
        "better_than_baseline": true,
        "weight": 0.9,
        "direction": 1,
        "expected_change": 0.45,
        "std": 0.2,
        "baseline": 120.0,
        "current": 105.08871111419742
      },
      "saccade_count": {
        "weighted_contribution": 1.0,
        "fatigue_score": 1.0,
        "relative_change": 0.03823463560529705,
        "normalized_effect": 47.398305585352055,
        "raw_sigmoid": 1.0,
        "better_than_baseline": false,
        "weight": 1.0,
        "direction": 1,
        "expected_change": 0.55,
        "std": 0.22,
        "baseline": 150.0,
        "current": 155.7351953411769
      }
    },
    "game": {
      "score": {
        "weighted_contribution": 0.2281120933336874,
        "fatigue_score": 0.27818547967522855,
        "relative_change": -0.058823529404844296,
        "normalized_effect": -0.5714285483409374,
        "raw_sigmoid": 0.6390927398376143,
        "better_than_baseline": false,
        "weight": 0.82,
        "direction": -1,
        "expected_change": 0.25,
        "std": 35.0,
        "baseline": 85.0,
        "current": 80.0
      }
    },
    "subjective": {
      "fatigue_self": {
        "weighted_contribution": 0.0,
        "fatigue_score": 0.0,
        "relative_change": null,
        "normalized_effect": 0.0,
        "raw_sigmoid": null,
        "better_than_baseline": false,
        "weight": 0.0,
        "direction": 1,
        "expected_change": null,
        "std": null,
        "baseline": 1.0,
        "current": 5.0
      },
      "sleep_last": {
        "weighted_contribution": -0.0,
        "fatigue_score": -0.5,
        "relative_change": null,
        "normalized_effect": -0.5,
        "raw_sigmoid": null,
        "better_than_baseline": true,
        "weight": 0.0,
        "direction": -1,
        "expected_change": null,
        "std": null,
        "baseline": 7.0,
        "current": 6.0
      },
      "sleep_previous": {
        "weighted_contribution": -0.0,
        "fatigue_score": -0.5,
        "relative_change": null,
        "normalized_effect": -0.5,
        "raw_sigmoid": null,
        "better_than_baseline": true,
        "weight": 0.0,
        "direction": -1,
        "expected_change": null,
        "std": null,
        "baseline": 7.0,
        "current": 6.0
      }
    }
  },
  "features": {
    "voice": {
      "dLPC": 0.4345087918397524,
      "PARCOR": 0.5560460091765435,
      "LPC": 0.6580862434718521,
      "Pitch": 122.69206100292146,
      "MFCC": 0.46432018805725334
    },
    "eye": {
      "fixation_duration": 0.231030221635821,
      "fixation_count": 105.08871111419742,
      "saccade_count": 155.7351953411769
    },
    "game": {
      "score": 80
    },
    "questionnaire": {
      "fatigue_self": 5,
      "sleep_last": 6,
      "sleep_previous": 6
    }
  },
  "baseline": {
    "voice": {
      "dLPC": 0.42,
      "PARCOR": 0.55,
      "LPC": 0.61,
      "Pitch": 120.0,
      "MFCC": 0.5
    },
    "eye": {
      "fixation_duration": 0.22,
      "fixation_count": 120,
      "saccade_count": 150
    },
    "game": {
      "score": 85
    },
    "questionnaire": {
      "fatigue_self": 1,
      "sleep_last": 7,
      "sleep_previous": 7
    }
  }
}