{
  "subject_id": 1,
  "subject_info": {
    "name": "ישראל ישראלי",
    "sex": "male",
    "age": 28
  },
  "score": 9.864320565759744,
  "scores": {
    "voice": -83.20571060723715,
    "eye": 73.50603808440664,
    "game": 33.00257299012308,
    "subjective": -33.33333333333333
  },
  "feature_contributions": {
    "voice": {
      "dLPC": {
        "weighted_contribution": -0.7892914345956247,
        "fatigue_score": -0.9866142932445308,
        "relative_change": -0.9999999761904768,
        "normalized_effect": -4.999999630952402,
        "raw_sigmoid": 0.006692853377734647,
        "better_than_baseline": true,
        "weight": 0.8,
        "direction": 1,
        "expected_change": 0.2,
        "std": null,
        "baseline": 0.42,
        "current": 0.0
      },
      "PARCOR": {
        "weighted_contribution": -0.7699300871995779,
        "fatigue_score": -0.9999092041552959,
        "relative_change": -0.9999999818181821,
        "normalized_effect": -9.999998818181938,
        "raw_sigmoid": 4.5397922352051614e-05,
        "better_than_baseline": true,
        "weight": 0.77,
        "direction": 1,
        "expected_change": 0.1,
        "std": null,
        "baseline": 0.55,
        "current": 0.0
      },
      "LPC": {
        "weighted_contribution": -0.7596347258930249,
        "fatigue_score": -0.9995193761750328,
        "relative_change": -0.9999999836065576,
        "normalized_effect": -8.333332502276939,
        "raw_sigmoid": 0.00024031191248360178,
        "better_than_baseline": true,
        "weight": 0.76,
        "direction": 1,
        "expected_change": 0.12,
        "std": null,
        "baseline": 0.61,
        "current": 0.0
      },
      "Pitch": {
        "weighted_contribution": -0.7599999999999949,
        "fatigue_score": -0.9999999999999933,
        "relative_change": -0.9999999999166668,
        "normalized_effect": -33.333331462037144,
        "raw_sigmoid": 3.3382440422025056e-15,
        "better_than_baseline": true,
        "weight": 0.76,
        "direction": 1,
        "expected_change": 0.18,
        "std": {
          "male": 20.0,
          "female": 30.0
        },
        "baseline": 120.0,
        "current": 0.0
      },
      "MFCC": {
        "weighted_contribution": -0.11624303962968408,
        "fatigue_score": -0.15499071950624543,
        "relative_change": -0.9999999800000003,
        "normalized_effect": -0.31249997773437616,
        "raw_sigmoid": 0.4225046402468773,
        "better_than_baseline": true,
        "weight": 0.75,
        "direction": 1,
        "expected_change": 0.2,
        "std": 8.0,
        "baseline": 0.5,
        "current": 0.0
      }
    },
    "eye": {
      "fixation_duration": {
        "weighted_contribution": 0.2316751044477925,
        "fatigue_score": 0.2316751044477925,
        "relative_change": 0.09652863528237672,
        "normalized_effect": 0.4719177106179631,
        "raw_sigmoid": 0.6158375522238962,
        "better_than_baseline": false,
        "weight": 1.0,
        "direction": 1,
        "expected_change": 0.5,
        "std": 0.09,
        "baseline": 0.22,
        "current": 0.24123630072740923
      },
      "fixation_count": {
        "weighted_contribution": 0.9,
        "fatigue_score": 1.0,
        "relative_change": 0.07364763160562797,
        "normalized_effect": 98.19683504884352,
        "raw_sigmoid": 1.0,
        "better_than_baseline": false,
        "weight": 0.9,
        "direction": 1,
        "expected_change": 0.45,
        "std": 0.2,
        "baseline": 120.0,
        "current": 128.83771579341183
      },
      "saccade_count": {
        "weighted_contribution": 1.0,
        "fatigue_score": 1.0,
        "relative_change": 0.16074412295011695,
        "normalized_effect": 199.26956122431318,
        "raw_sigmoid": 1.0,
        "better_than_baseline": false,
        "weight": 1.0,
        "direction": 1,
        "expected_change": 0.55,
        "std": 0.22,
        "baseline": 150.0,
        "current": 174.11161844412499
      }
    },
    "game": {
      "score": {
        "weighted_contribution": 0.27062109851900923,
        "fatigue_score": 0.3300257299012308,
        "relative_change": -0.07058823528581315,
        "normalized_effect": -0.6857142580091248,
        "raw_sigmoid": 0.6650128649506154,
        "better_than_baseline": false,
        "weight": 0.82,
        "direction": -1,
        "expected_change": 0.25,
        "std": 35.0,
        "baseline": 85.0,
        "current": 79.0
      }
    },
    "subjective": {
      "fatigue_self": {
        "weighted_contribution": 0.0,
        "fatigue_score": 0.0,
        "relative_change": null,
        "normalized_effect": 0.0,
        "raw_sigmoid": null,
        "better_than_baseline": false,
        "weight": 0.0,
        "direction": 1,
        "expected_change": null,
        "std": null,
        "baseline": 1.0,
        "current": 5.0
      },
      "sleep_last": {
        "weighted_contribution": -0.0,
        "fatigue_score": -0.5,
        "relative_change": null,
        "normalized_effect": -0.5,
        "raw_sigmoid": null,
        "better_than_baseline": true,
        "weight": 0.0,
        "direction": -1,
        "expected_change": null,
        "std": null,
        "baseline": 7.0,
        "current": 6.0
      },
      "sleep_previous": {
        "weighted_contribution": -0.0,
        "fatigue_score": -0.5,
        "relative_change": null,
        "normalized_effect": -0.5,
        "raw_sigmoid": null,
        "better_than_baseline": true,
        "weight": 0.0,
        "direction": -1,
        "expected_change": null,
        "std": null,
        "baseline": 7.0,
        "current": 6.0
      }
    }
  },
  "features": {
    "voice": {
      "dLPC": 0.0,
      "PARCOR": 0.0,
      "LPC": 0.0,
      "Pitch": 0.0,
      "MFCC": 0.0,
      "events": []
    },
    "eye": {
      "fixation_duration": 0.24123630072740923,
      "fixation_count": 128.83771579341183,
      "saccade_count": 174.11161844412499
    },
    "game": {
      "score": 79
    },
    "questionnaire": {
      "fatigue_self": 5,
      "sleep_last": 6,
      "sleep_previous": 6
    }
  },
  "baseline": {
    "voice": {
      "dLPC": 0.42,
      "PARCOR": 0.55,
      "LPC": 0.61,
      "Pitch": 120.0,
      "MFCC": 0.5
    },
    "eye": {
      "fixation_duration": 0.22,
      "fixation_count": 120,
      "saccade_count": 150
    },
    "game": {
      "score": 85
    },
    "questionnaire": {
      "fatigue_self": 1,
      "sleep_last": 7,
      "sleep_previous": 7
    }
  }
}