{
  "subject_id": 1,
  "subject_info": {
    "name": "ישראל ישראלי",
    "sex": "male",
    "age": 28
  },
  "score": 29.305891280466927,
  "scores": {
    "voice": 7.827765868592736,
    "eye": 6.548356653686893,
    "game": 72.31828930901925,
    "subjective": -33.33333333333333
  },
  "feature_contributions": {
    "voice": {
      "dLPC": {
        "weighted_contribution": 0.04413873563389306,
        "fatigue_score": 0.05517341954236632,
        "relative_change": 0.022091803745517297,
        "normalized_effect": 0.11045901320463582,
        "raw_sigmoid": 0.5275867097711832,
        "better_than_baseline": false,
        "weight": 0.8,
        "direction": 1,
        "expected_change": 0.2,
        "std": null,
        "baseline": 0.42,
        "current": 0.4292785577940353
      },
      "PARCOR": {
        "weighted_contribution": -0.17384708823373804,
        "fatigue_score": -0.22577543926459487,
        "relative_change": -0.04594670186435142,
        "normalized_effect": -0.45946697269681697,
        "raw_sigmoid": 0.38711228036770257,
        "better_than_baseline": true,
        "weight": 0.77,
        "direction": 1,
        "expected_change": 0.1,
        "std": null,
        "baseline": 0.55,
        "current": 0.5247293135151397
      },
      "LPC": {
        "weighted_contribution": 0.08460883223484164,
        "fatigue_score": 0.11132741083531794,
        "relative_change": 0.02682979050637515,
        "normalized_effect": 0.22358156892132885,
        "raw_sigmoid": 0.555663705417659,
        "better_than_baseline": false,
        "weight": 0.76,
        "direction": 1,
        "expected_change": 0.12,
        "std": null,
        "baseline": 0.61,
        "current": 0.6263661724771867
      },
      "Pitch": {
        "weighted_contribution": 0.35306038950774365,
        "fatigue_score": 0.4645531440891364,
        "relative_change": 0.03018611601780142,
        "normalized_effect": 1.0062038108567337,
        "raw_sigmoid": 0.7322765720445682,
        "better_than_baseline": false,
        "weight": 0.76,
        "direction": 1,
        "expected_change": 0.18,
        "std": {
          "male": 20.0,
          "female": 30.0
        },
        "baseline": 120.0,
        "current": 123.62233392243803
      },
      "MFCC": {
        "weighted_contribution": -0.007374659788779325,
        "fatigue_score": -0.009832879718372434,
        "relative_change": -0.06293246169440031,
        "normalized_effect": -0.019666393271597436,
        "raw_sigmoid": 0.4950835601408138,
        "better_than_baseline": true,
        "weight": 0.75,
        "direction": 1,
        "expected_change": 0.2,
        "std": 8.0,
        "baseline": 0.5,
        "current": 0.4685337685234752
      }
    },
    "eye": {
      "fixation_duration": {
        "weighted_contribution": 0.0899023429569199,
        "fatigue_score": 0.0899023429569199,
        "relative_change": 0.036877805191061416,
        "normalized_effect": 0.18029146840697402,
        "raw_sigmoid": 0.54495117147846,
        "better_than_baseline": false,
        "weight": 1.0,
        "direction": 1,
        "expected_change": 0.5,
        "std": 0.09,
        "baseline": 0.22,
        "current": 0.22811311751081156
      },
      "fixation_count": {
        "weighted_contribution": -0.9,
        "fatigue_score": -1.0,
        "relative_change": -0.15861285098398753,
        "normalized_effect": -211.4837860381541,
        "raw_sigmoid": 1.4248157645086625e-92,
        "better_than_baseline": true,
        "weight": 0.9,
        "direction": 1,
        "expected_change": 0.45,
        "std": 0.2,
        "baseline": 120.0,
        "current": 100.96645788033537
      },
      "saccade_count": {
        "weighted_contribution": 1.0,
        "fatigue_score": 1.0,
        "relative_change": 0.29845639040662225,
        "normalized_effect": 369.98723729001296,
        "raw_sigmoid": 1.0,
        "better_than_baseline": false,
        "weight": 1.0,
        "direction": 1,
        "expected_change": 0.55,
        "std": 0.22,
        "baseline": 150.0,
        "current": 194.7684585639779
      }
    },
    "game": {
      "score": {
        "weighted_contribution": 0.5930099723339578,
        "fatigue_score": 0.7231828930901925,
        "relative_change": -0.18823529409550174,
        "normalized_effect": -1.8285713546909996,
        "raw_sigmoid": 0.8615914465450962,
        "better_than_baseline": false,
        "weight": 0.82,
        "direction": -1,
        "expected_change": 0.25,
        "std": 35.0,
        "baseline": 85.0,
        "current": 69.0
      }
    },
    "subjective": {
      "fatigue_self": {
        "weighted_contribution": 0.0,
        "fatigue_score": 0.0,
        "relative_change": null,
        "normalized_effect": 0.0,
        "raw_sigmoid": null,
        "better_than_baseline": false,
        "weight": 0.0,
        "direction": 1,
        "expected_change": null,
        "std": null,
        "baseline": 1.0,
        "current": 5.0
      },
      "sleep_last": {
        "weighted_contribution": -0.0,
        "fatigue_score": -0.5,
        "relative_change": null,
        "normalized_effect": -0.5,
        "raw_sigmoid": null,
        "better_than_baseline": true,
        "weight": 0.0,
        "direction": -1,
        "expected_change": null,
        "std": null,
        "baseline": 7.0,
        "current": 6.0
      },
      "sleep_previous": {
        "weighted_contribution": -0.0,
        "fatigue_score": -0.5,
        "relative_change": null,
        "normalized_effect": -0.5,
        "raw_sigmoid": null,
        "better_than_baseline": true,
        "weight": 0.0,
        "direction": -1,
        "expected_change": null,
        "std": null,
        "baseline": 7.0,
        "current": 6.0
      }
    }
  },
  "features": {
    "voice": {
      "dLPC": 0.4292785577940353,
      "PARCOR": 0.5247293135151397,
      "LPC": 0.6263661724771867,
      "Pitch": 123.62233392243803,
      "MFCC": 0.4685337685234752
    },
    "eye": {
      "fixation_duration": 0.22811311751081156,
      "fixation_count": 100.96645788033537,
      "saccade_count": 194.7684585639779
    },
    "game": {
      "score": 69
    },
    "questionnaire": {
      "fatigue_self": 5,
      "sleep_last": 6,
      "sleep_previous": 6
    }
  },
  "baseline": {
    "voice": {
      "dLPC": 0.42,
      "PARCOR": 0.55,
      "LPC": 0.61,
      "Pitch": 120.0,
      "MFCC": 0.5
    },
    "eye": {
      "fixation_duration": 0.22,
      "fixation_count": 120,
      "saccade_count": 150
    },
    "game": {
      "score": 85
    },
    "questionnaire": {
      "fatigue_self": 1,
      "sleep_last": 7,
      "sleep_previous": 7
    }
  }
}