{
  "subject_id": "1",
  "score": 37.02049073523443,
  "scores": {
    "voice": 7.601263085635863,
    "eye": 1.8213108304306624,
    "game": 99.98791787713053,
    "subjective": null
  },
  "feature_contributions": {
    "voice": {
      "dLPC": {
        "weighted_contribution": -0.019575523249909924,
        "fatigue_score": -0.0244694040623874,
        "relative_change": -0.009789716296282797,
        "normalized_effect": -0.048948579033985036,
        "raw_sigmoid": 0.4877652979688063,
        "better_than_baseline": true,
        "weight": 0.8,
        "direction": 1,
        "expected_change": 0.2,
        "std": null,
        "baseline": 0.42,
        "current": 0.41588831905766405
      },
      "PARCOR": {
        "weighted_contribution": -0.142776129389046,
        "fatigue_score": -0.18542354466109867,
        "relative_change": -0.03751871574267838,
        "normalized_effect": -0.3751871199080718,
        "raw_sigmoid": 0.40728822766945066,
        "better_than_baseline": true,
        "weight": 0.77,
        "direction": 1,
        "expected_change": 0.1,
        "std": null,
        "baseline": 0.55,
        "current": 0.5293647059663398
      },
      "LPC": {
        "weighted_contribution": -0.018302523471870683,
        "fatigue_score": -0.024082267726145634,
        "relative_change": -0.005780862456694842,
        "normalized_effect": -0.04817384979130287,
        "raw_sigmoid": 0.4879588661369272,
        "better_than_baseline": true,
        "weight": 0.76,
        "direction": 1,
        "expected_change": 0.12,
        "std": null,
        "baseline": 0.61,
        "current": 0.6064736738436075
      },
      "Pitch": {
        "weighted_contribution": 0.4842213966705708,
        "fatigue_score": 0.6371334166718037,
        "relative_change": 0.04520000794673883,
        "normalized_effect": 1.506666847100914,
        "raw_sigmoid": 0.8185667083359018,
        "better_than_baseline": false,
        "weight": 0.76,
        "direction": 1,
        "expected_change": 0.18,
        "std": {
          "male": 20.0,
          "female": 30.0
        },
        "baseline": 120.0,
        "current": 125.42400095406066
      },
      "MFCC": {
        "weighted_contribution": -0.011678718071327115,
        "fatigue_score": -0.01557162409510282,
        "relative_change": -0.09966645539419344,
        "normalized_effect": -0.03114576571446495,
        "raw_sigmoid": 0.4922141879524486,
        "better_than_baseline": true,
        "weight": 0.75,
        "direction": 1,
        "expected_change": 0.2,
        "std": 8.0,
        "baseline": 0.5,
        "current": 0.4501667713062387
      }
    },
    "eye": {
      "fixation_duration": {
        "weighted_contribution": 0.1528180140824893,
        "fatigue_score": 0.1528180140824893,
        "relative_change": 0.06301005961598238,
        "normalized_effect": 0.30804913995613703,
        "raw_sigmoid": 0.5764090070412446,
        "better_than_baseline": false,
        "weight": 1.0,
        "direction": 1,
        "expected_change": 0.5,
        "std": 0.09,
        "baseline": 0.22,
        "current": 0.23386221374561672
      },
      "fixation_count": {
        "weighted_contribution": 0.9,
        "fatigue_score": 1.0,
        "relative_change": 0.05728558187974794,
        "normalized_effect": 76.38077032327486,
        "raw_sigmoid": 1.0,
        "better_than_baseline": false,
        "weight": 0.9,
        "direction": 1,
        "expected_change": 0.45,
        "std": 0.2,
        "baseline": 120.0,
        "current": 126.87426982614261
      },
      "saccade_count": {
        "weighted_contribution": -1.0,
        "fatigue_score": -1.0,
        "relative_change": -0.053433818231747074,
        "normalized_effect": -66.24026631993391,
        "raw_sigmoid": 1.7069384348796976e-29,
        "better_than_baseline": true,
        "weight": 1.0,
        "direction": 1,
        "expected_change": 0.55,
        "std": 0.22,
        "baseline": 150.0,
        "current": 141.9849272647036
      }
    },
    "game": {
      "score": {
        "weighted_contribution": 0.8199009265924703,
        "fatigue_score": 0.9998791787713053,
        "relative_change": -0.999999999882353,
        "normalized_effect": -9.714285321795934,
        "raw_sigmoid": 0.9999395893856526,
        "better_than_baseline": false,
        "weight": 0.82,
        "direction": -1,
        "expected_change": 0.25,
        "std": 35.0,
        "baseline": 85.0,
        "current": 0.0
      }
    },
    "subjective": {}
  },
  "features": {
    "voice": {
      "dLPC": 0.41588831905766405,
      "PARCOR": 0.5293647059663398,
      "LPC": 0.6064736738436075,
      "Pitch": 125.42400095406066,
      "MFCC": 0.4501667713062387
    },
    "eye": {
      "fixation_duration": 0.23386221374561672,
      "fixation_count": 126.87426982614261,
      "saccade_count": 141.9849272647036
    },
    "game": {
      "score": 0
    }
  },
  "baseline": {
    "voice": {
      "dLPC": 0.42,
      "PARCOR": 0.55,
      "LPC": 0.61,
      "Pitch": 120.0,
      "MFCC": 0.5
    },
    "eye": {
      "fixation_duration": 0.22,
      "fixation_count": 120,
      "saccade_count": 150
    },
    "game": {
      "score": 85
    },
    "questionnaire": {
      "fatigue_self": 1,
      "sleep_last": 7,
      "sleep_previous": 7
    }
  }
}