{
  "subject_id": 1,
  "subject_info": {
    "name": "ישראל ישראלי",
    "sex": "male",
    "age": 28
  },
  "score": 0.0,
  "scores": {
    "voice": -83.20571060723715,
    "eye": 21.462861853702464,
    "game": 47.327767136122766,
    "subjective": -33.33333333333333
  },
  "feature_contributions": {
    "voice": {
      "dLPC": {
        "weighted_contribution": -0.7892914345956247,
        "fatigue_score": -0.9866142932445308,
        "relative_change": -0.9999999761904768,
        "normalized_effect": -4.999999630952402,
        "raw_sigmoid": 0.006692853377734647,
        "better_than_baseline": true,
        "weight": 0.8,
        "direction": 1,
        "expected_change": 0.2,
        "std": null,
        "baseline": 0.42,
        "current": 0.0
      },
      "PARCOR": {
        "weighted_contribution": -0.7699300871995779,
        "fatigue_score": -0.9999092041552959,
        "relative_change": -0.9999999818181821,
        "normalized_effect": -9.999998818181938,
        "raw_sigmoid": 4.5397922352051614e-05,
        "better_than_baseline": true,
        "weight": 0.77,
        "direction": 1,
        "expected_change": 0.1,
        "std": null,
        "baseline": 0.55,
        "current": 0.0
      },
      "LPC": {
        "weighted_contribution": -0.7596347258930249,
        "fatigue_score": -0.9995193761750328,
        "relative_change": -0.9999999836065576,
        "normalized_effect": -8.333332502276939,
        "raw_sigmoid": 0.00024031191248360178,
        "better_than_baseline": true,
        "weight": 0.76,
        "direction": 1,
        "expected_change": 0.12,
        "std": null,
        "baseline": 0.61,
        "current": 0.0
      },
      "Pitch": {
        "weighted_contribution": -0.7599999999999949,
        "fatigue_score": -0.9999999999999933,
        "relative_change": -0.9999999999166668,
        "normalized_effect": -33.333331462037144,
        "raw_sigmoid": 3.3382440422025056e-15,
        "better_than_baseline": true,
        "weight": 0.76,
        "direction": 1,
        "expected_change": 0.18,
        "std": {
          "male": 20.0,
          "female": 30.0
        },
        "baseline": 120.0,
        "current": 0.0
      },
      "MFCC": {
        "weighted_contribution": -0.11624303962968408,
        "fatigue_score": -0.15499071950624543,
        "relative_change": -0.9999999800000003,
        "normalized_effect": -0.31249997773437616,
        "raw_sigmoid": 0.4225046402468773,
        "better_than_baseline": true,
        "weight": 0.75,
        "direction": 1,
        "expected_change": 0.2,
        "std": 8.0,
        "baseline": 0.5,
        "current": 0.0
      }
    },
    "eye": {
      "fixation_duration": {
        "weighted_contribution": 0.5224229937573714,
        "fatigue_score": 0.5224229937573714,
        "relative_change": 0.2371363271503243,
        "normalized_effect": 1.1593330029557003,
        "raw_sigmoid": 0.7612114968786857,
        "better_than_baseline": false,
        "weight": 1.0,
        "direction": 1,
        "expected_change": 0.5,
        "std": 0.09,
        "baseline": 0.22,
        "current": 0.2721699943444346
      },
      "fixation_count": {
        "weighted_contribution": -0.9,
        "fatigue_score": -1.0,
        "relative_change": -0.15623785634497545,
        "normalized_effect": -208.31712674817453,
        "raw_sigmoid": 3.380814694354481e-91,
        "better_than_baseline": true,
        "weight": 0.9,
        "direction": 1,
        "expected_change": 0.45,
        "std": 0.2,
        "baseline": 120.0,
        "current": 101.25145723704057
      },
      "saccade_count": {
        "weighted_contribution": 1.0,
        "fatigue_score": 1.0,
        "relative_change": 0.1205268742164396,
        "normalized_effect": 149.41347092547267,
        "raw_sigmoid": 1.0,
        "better_than_baseline": false,
        "weight": 1.0,
        "direction": 1,
        "expected_change": 0.55,
        "std": 0.22,
        "baseline": 150.0,
        "current": 168.0790311336712
      }
    },
    "game": {
      "score": {
        "weighted_contribution": 0.3880876905162067,
        "fatigue_score": 0.47327767136122767,
        "relative_change": -0.10588235292871973,
        "normalized_effect": -1.0285713870136872,
        "raw_sigmoid": 0.7366388356806138,
        "better_than_baseline": false,
        "weight": 0.82,
        "direction": -1,
        "expected_change": 0.25,
        "std": 35.0,
        "baseline": 85.0,
        "current": 76.0
      }
    },
    "subjective": {
      "fatigue_self": {
        "weighted_contribution": 0.0,
        "fatigue_score": 0.0,
        "relative_change": null,
        "normalized_effect": 0.0,
        "raw_sigmoid": null,
        "better_than_baseline": false,
        "weight": 0.0,
        "direction": 1,
        "expected_change": null,
        "std": null,
        "baseline": 1.0,
        "current": 5.0
      },
      "sleep_last": {
        "weighted_contribution": -0.0,
        "fatigue_score": -0.5,
        "relative_change": null,
        "normalized_effect": -0.5,
        "raw_sigmoid": null,
        "better_than_baseline": true,
        "weight": 0.0,
        "direction": -1,
        "expected_change": null,
        "std": null,
        "baseline": 7.0,
        "current": 6.0
      },
      "sleep_previous": {
        "weighted_contribution": -0.0,
        "fatigue_score": -0.5,
        "relative_change": null,
        "normalized_effect": -0.5,
        "raw_sigmoid": null,
        "better_than_baseline": true,
        "weight": 0.0,
        "direction": -1,
        "expected_change": null,
        "std": null,
        "baseline": 7.0,
        "current": 6.0
      }
    }
  },
  "features": {
    "voice": {
      "dLPC": 0.0,
      "PARCOR": 0.0,
      "LPC": 0.0,
      "Pitch": 0.0,
      "MFCC": 0.0,
      "events": []
    },
    "eye": {
      "fixation_duration": 0.2721699943444346,
      "fixation_count": 101.25145723704057,
      "saccade_count": 168.0790311336712
    },
    "game": {
      "score": 76
    },
    "questionnaire": {
      "fatigue_self": 5,
      "sleep_last": 6,
      "sleep_previous": 6
    }
  },
  "baseline": {
    "voice": {
      "dLPC": 0.42,
      "PARCOR": 0.55,
      "LPC": 0.61,
      "Pitch": 120.0,
      "MFCC": 0.5
    },
    "eye": {
      "fixation_duration": 0.22,
      "fixation_count": 120,
      "saccade_count": 150
    },
    "game": {
      "score": 85
    },
    "questionnaire": {
      "fatigue_self": 1,
      "sleep_last": 7,
      "sleep_previous": 7
    }
  }
}