{
  "subject_id": 1,
  "subject_info": {
    "name": "ישראל ישראלי",
    "sex": "male",
    "age": 28
  },
  "score": 18.038781247058182,
  "scores": {
    "voice": -25.20023303527168,
    "eye": 13.515346479746784,
    "game": 63.086825944449934,
    "subjective": -33.33333333333333
  },
  "feature_contributions": {
    "voice": {
      "dLPC": {
        "weighted_contribution": -0.11792552571773048,
        "fatigue_score": -0.1474069071471631,
        "relative_change": -0.0593954847600612,
        "normalized_effect": -0.29697740895143554,
        "raw_sigmoid": 0.42629654642641845,
        "better_than_baseline": true,
        "weight": 0.8,
        "direction": 1,
        "expected_change": 0.2,
        "std": null,
        "baseline": 0.42,
        "current": 0.39505389580681943
      },
      "PARCOR": {
        "weighted_contribution": -0.1002852998708496,
        "fatigue_score": -0.13024064918292155,
        "relative_change": -0.02619693139791413,
        "normalized_effect": -0.2619692877822125,
        "raw_sigmoid": 0.4348796754085392,
        "better_than_baseline": true,
        "weight": 0.77,
        "direction": 1,
        "expected_change": 0.1,
        "std": null,
        "baseline": 0.55,
        "current": 0.535591687469178
      },
      "LPC": {
        "weighted_contribution": -0.23819364377197083,
        "fatigue_score": -0.31341268917364584,
        "relative_change": -0.07783809472823087,
        "normalized_effect": -0.648650735347696,
        "raw_sigmoid": 0.3432936554131771,
        "better_than_baseline": true,
        "weight": 0.76,
        "direction": 1,
        "expected_change": 0.12,
        "std": null,
        "baseline": 0.61,
        "current": 0.5625187614373982
      },
      "Pitch": {
        "weighted_contribution": -0.5009881104906169,
        "fatigue_score": -0.6591948822244958,
        "relative_change": -0.04748331089762542,
        "normalized_effect": -1.5827769411974066,
        "raw_sigmoid": 0.17040255888775208,
        "better_than_baseline": true,
        "weight": 0.76,
        "direction": 1,
        "expected_change": 0.18,
        "std": {
          "male": 20.0,
          "female": 30.0
        },
        "baseline": 120.0,
        "current": 114.30200269181012
      },
      "MFCC": {
        "weighted_contribution": -0.010296368703264808,
        "fatigue_score": -0.013728491604353077,
        "relative_change": -0.08786787124423583,
        "normalized_effect": -0.027458708356564887,
        "raw_sigmoid": 0.49313575419782346,
        "better_than_baseline": true,
        "weight": 0.75,
        "direction": 1,
        "expected_change": 0.2,
        "std": 8.0,
        "baseline": 0.5,
        "current": 0.45606606349920337
      }
    },
    "eye": {
      "fixation_duration": {
        "weighted_contribution": 0.4919450479126568,
        "fatigue_score": 0.4919450479126568,
        "relative_change": 0.2203458698941791,
        "normalized_effect": 1.0772463337992428,
        "raw_sigmoid": 0.7459725239563284,
        "better_than_baseline": false,
        "weight": 1.0,
        "direction": 1,
        "expected_change": 0.5,
        "std": 0.09,
        "baseline": 0.22,
        "current": 0.2684760935801781
      },
      "fixation_count": {
        "weighted_contribution": 0.9,
        "fatigue_score": 1.0,
        "relative_change": 0.06209014355733906,
        "normalized_effect": 82.78685209740154,
        "raw_sigmoid": 1.0,
        "better_than_baseline": false,
        "weight": 0.9,
        "direction": 1,
        "expected_change": 0.45,
        "std": 0.2,
        "baseline": 120.0,
        "current": 127.45081722750159
      },
      "saccade_count": {
        "weighted_contribution": -1.0,
        "fatigue_score": -1.0,
        "relative_change": -0.06495771904788683,
        "normalized_effect": -80.52609286886032,
        "raw_sigmoid": 1.0665033349528616e-35,
        "better_than_baseline": true,
        "weight": 1.0,
        "direction": 1,
        "expected_change": 0.55,
        "std": 0.22,
        "baseline": 150.0,
        "current": 140.2563421421674
      }
    },
    "game": {
      "score": {
        "weighted_contribution": 0.5173119727444894,
        "fatigue_score": 0.6308682594444992,
        "relative_change": -0.15294117645259517,
        "normalized_effect": -1.485714225686437,
        "raw_sigmoid": 0.8154341297222496,
        "better_than_baseline": false,
        "weight": 0.82,
        "direction": -1,
        "expected_change": 0.25,
        "std": 35.0,
        "baseline": 85.0,
        "current": 72.0
      }
    },
    "subjective": {
      "fatigue_self": {
        "weighted_contribution": 0.0,
        "fatigue_score": 0.0,
        "relative_change": null,
        "normalized_effect": 0.0,
        "raw_sigmoid": null,
        "better_than_baseline": false,
        "weight": 0.0,
        "direction": 1,
        "expected_change": null,
        "std": null,
        "baseline": 1.0,
        "current": 5.0
      },
      "sleep_last": {
        "weighted_contribution": -0.0,
        "fatigue_score": -0.5,
        "relative_change": null,
        "normalized_effect": -0.5,
        "raw_sigmoid": null,
        "better_than_baseline": true,
        "weight": 0.0,
        "direction": -1,
        "expected_change": null,
        "std": null,
        "baseline": 7.0,
        "current": 6.0
      },
      "sleep_previous": {
        "weighted_contribution": -0.0,
        "fatigue_score": -0.5,
        "relative_change": null,
        "normalized_effect": -0.5,
        "raw_sigmoid": null,
        "better_than_baseline": true,
        "weight": 0.0,
        "direction": -1,
        "expected_change": null,
        "std": null,
        "baseline": 7.0,
        "current": 6.0
      }
    }
  },
  "features": {
    "voice": {
      "dLPC": 0.39505389580681943,
      "PARCOR": 0.535591687469178,
      "LPC": 0.5625187614373982,
      "Pitch": 114.30200269181012,
      "MFCC": 0.45606606349920337
    },
    "eye": {
      "fixation_duration": 0.2684760935801781,
      "fixation_count": 127.45081722750159,
      "saccade_count": 140.2563421421674
    },
    "game": {
      "score": 72
    },
    "questionnaire": {
      "fatigue_self": 5,
      "sleep_last": 6,
      "sleep_previous": 6
    }
  },
  "baseline": {
    "voice": {
      "dLPC": 0.42,
      "PARCOR": 0.55,
      "LPC": 0.61,
      "Pitch": 120.0,
      "MFCC": 0.5
    },
    "eye": {
      "fixation_duration": 0.22,
      "fixation_count": 120,
      "saccade_count": 150
    },
    "game": {
      "score": 85
    },
    "questionnaire": {
      "fatigue_self": 1,
      "sleep_last": 7,
      "sleep_previous": 7
    }
  }
}