subject_id,modality,feature,baseline,current,fatigue_score,relative_change,normalized_effect,raw_sigmoid,weight,direction,expected_change,contribution,better_than_baseline
1,voice,dLPC,0.42,0.4094674852564362,-0.06261152589546559,-0.025077415459022867,-0.12538707102576077,0.4686942370522672,0.8,1,0.2,-0.05008922071637248,True
1,voice,PARCOR,0.55,0.5931007449064023,0.372932397970247,0.07836498931409519,0.7836498147759704,0.6864661989851235,0.77,1,0.1,0.2871579464370902,False
1,voice,LPC,0.61,0.5772997820653244,-0.21972022394609914,-0.053606913768207295,-0.44672424417470713,0.39013988802695043,0.76,1,0.12,-0.16698737019903534,True
1,voice,Pitch,120.0,122.30335358055216,0.30942572271739,0.01919461316966841,0.6398204031234589,0.654712861358695,0.76,1,0.18,0.2351635492652164,False
1,voice,MFCC,0.5,0.5427201654003282,0.013349257693779704,0.08544032909184979,0.026700101472822854,0.5066746288468899,0.75,1,0.2,0.010011943270334778,False
1,eye,fixation_duration,0.22,0.2950946939834418,0.6828237048509769,0.34133950259112167,1.6687706827622126,0.8414118524254884,1.0,1,0.5,0.6828237048509769,False
1,eye,fixation_count,120.0,120.6215601951814,0.9979989390065236,0.005179668292746713,6.906223891546105,0.9989994695032618,0.9,1,0.45,0.8981990451058712,False
1,eye,saccade_count,150.0,149.32359863441994,-0.9925584350947677,-0.004509342436899794,-5.590093574307833,0.0037207824526161283,1.0,1,0.55,-0.9925584350947677,True
1,game,score,85.0,78.0,0.37994894842695226,-0.08235294116678202,-0.7999999676773124,0.6899744742134761,0.82,-1,0.25,0.3115581377101008,False
