{
  "subject_id": "1",
  "score": 32.51260635724726,
  "scores": {
    "voice": -7.1403518071229355,
    "eye": 14.37246925089739,
    "game": 87.90173438526548,
    "subjective": null
  },
  "feature_contributions": {
    "voice": {
      "dLPC": {
        "weighted_contribution": -0.023553373065623176,
        "fatigue_score": -0.029441716332028967,
        "relative_change": -0.011780091627483417,
        "normalized_effect": -0.05890045519239433,
        "raw_sigmoid": 0.4852791418339855,
        "better_than_baseline": true,
        "weight": 0.8,
        "direction": 1,
        "expected_change": 0.2,
        "std": null,
        "baseline": 0.42,
        "current": 0.41505236139865603
      },
      "PARCOR": {
        "weighted_contribution": -0.002848557579561071,
        "fatigue_score": -0.0036994254280013905,
        "relative_change": -0.0007398885349105548,
        "normalized_effect": -0.007398884609217087,
        "raw_sigmoid": 0.4981502872859993,
        "better_than_baseline": true,
        "weight": 0.77,
        "direction": 1,
        "expected_change": 0.1,
        "std": null,
        "baseline": 0.55,
        "current": 0.5495930612984004
      },
      "LPC": {
        "weighted_contribution": 0.03419422091100504,
        "fatigue_score": 0.04499239593553295,
        "relative_change": 0.0108054710927184,
        "normalized_effect": 0.09004558493552126,
        "raw_sigmoid": 0.5224961979677665,
        "better_than_baseline": false,
        "weight": 0.76,
        "direction": 1,
        "expected_change": 0.12,
        "std": null,
        "baseline": 0.61,
        "current": 0.6165913374746129
      },
      "Pitch": {
        "weighted_contribution": -0.2917591340844368,
        "fatigue_score": -0.3838935974795221,
        "relative_change": -0.024277098545067294,
        "normalized_effect": -0.8092365728067041,
        "raw_sigmoid": 0.30805320126023894,
        "better_than_baseline": true,
        "weight": 0.76,
        "direction": 1,
        "expected_change": 0.18,
        "std": {
          "male": 20.0,
          "female": 30.0
        },
        "baseline": 120.0,
        "current": 117.08674817434915
      },
      "MFCC": {
        "weighted_contribution": 0.009777334425095319,
        "fatigue_score": 0.013036445900127092,
        "relative_change": 0.08343798498286067,
        "normalized_effect": 0.026074368970832547,
        "raw_sigmoid": 0.5065182229500635,
        "better_than_baseline": false,
        "weight": 0.75,
        "direction": 1,
        "expected_change": 0.2,
        "std": 8.0,
        "baseline": 0.5,
        "current": 0.5417189933258102
      }
    },
    "eye": {
      "fixation_duration": {
        "weighted_contribution": 0.31680136180841334,
        "fatigue_score": 0.31680136180841334,
        "relative_change": 0.1342176751925177,
        "normalized_effect": 0.6561752149093347,
        "raw_sigmoid": 0.6584006809042067,
        "better_than_baseline": false,
        "weight": 1.0,
        "direction": 1,
        "expected_change": 0.5,
        "std": 0.09,
        "baseline": 0.22,
        "current": 0.24952788988453065
      },
      "fixation_count": {
        "weighted_contribution": -0.899999753532389,
        "fatigue_score": -0.9999997261470989,
        "relative_change": -0.011852867187550502,
        "normalized_effect": -15.803821775346856,
        "raw_sigmoid": 1.3692645059158698e-07,
        "better_than_baseline": true,
        "weight": 0.9,
        "direction": 1,
        "expected_change": 0.45,
        "std": 0.2,
        "baseline": 120.0,
        "current": 118.57765593737541
      },
      "saccade_count": {
        "weighted_contribution": 1.0,
        "fatigue_score": 1.0,
        "relative_change": 0.13434495757870887,
        "normalized_effect": 166.54332524316285,
        "raw_sigmoid": 1.0,
        "better_than_baseline": false,
        "weight": 1.0,
        "direction": 1,
        "expected_change": 0.55,
        "std": 0.22,
        "baseline": 150.0,
        "current": 170.15174363814978
      }
    },
    "game": {
      "score": {
        "weighted_contribution": 0.720794221959177,
        "fatigue_score": 0.879017343852655,
        "relative_change": -0.2823529411432526,
        "normalized_effect": -2.742857032036499,
        "raw_sigmoid": 0.9395086719263275,
        "better_than_baseline": false,
        "weight": 0.82,
        "direction": -1,
        "expected_change": 0.25,
        "std": 35.0,
        "baseline": 85.0,
        "current": 61.0
      }
    },
    "subjective": {}
  },
  "features": {
    "voice": {
      "dLPC": 0.41505236139865603,
      "PARCOR": 0.5495930612984004,
      "LPC": 0.6165913374746129,
      "Pitch": 117.08674817434915,
      "MFCC": 0.5417189933258102
    },
    "eye": {
      "fixation_duration": 0.24952788988453065,
      "fixation_count": 118.57765593737541,
      "saccade_count": 170.15174363814978
    },
    "game": {
      "score": 61
    }
  },
  "baseline": {
    "voice": {
      "dLPC": 0.42,
      "PARCOR": 0.55,
      "LPC": 0.61,
      "Pitch": 120.0,
      "MFCC": 0.5
    },
    "eye": {
      "fixation_duration": 0.22,
      "fixation_count": 120,
      "saccade_count": 150
    },
    "game": {
      "score": 85
    },
    "questionnaire": {
      "fatigue_self": 1,
      "sleep_last": 7,
      "sleep_previous": 7
    }
  }
}