{
  "subject_id": 1,
  "subject_info": {
    "name": "ישראל ישראלי",
    "sex": "male",
    "age": 28
  },
  "score": 35.05778366698979,
  "scores": {
    "voice": 27.697465216455548,
    "eye": 25.42709377617074,
    "game": 51.64076382544835,
    "subjective": -33.33333333333333
  },
  "feature_contributions": {
    "voice": {
      "dLPC": {
        "weighted_contribution": 0.011962877774974068,
        "fatigue_score": 0.014953597218717585,
        "relative_change": 0.005981885083062588,
        "normalized_effect": 0.029909423919841745,
        "raw_sigmoid": 0.5074767986093588,
        "better_than_baseline": false,
        "weight": 0.8,
        "direction": 1,
        "expected_change": 0.2,
        "std": null,
        "baseline": 0.42,
        "current": 0.4225123917947051
      },
      "PARCOR": {
        "weighted_contribution": 0.3380480527584934,
        "fatigue_score": 0.4390234451409005,
        "relative_change": 0.09420409806665396,
        "normalized_effect": 0.942040886462451,
        "raw_sigmoid": 0.7195117225704503,
        "better_than_baseline": false,
        "weight": 0.77,
        "direction": 1,
        "expected_change": 0.1,
        "std": null,
        "baseline": 0.55,
        "current": 0.6018122548787007
      },
      "LPC": {
        "weighted_contribution": 0.28006972103542443,
        "fatigue_score": 0.3685127908360848,
        "relative_change": 0.09280827031212112,
        "normalized_effect": 0.7734021881508271,
        "raw_sigmoid": 0.6842563954180424,
        "better_than_baseline": false,
        "weight": 0.76,
        "direction": 1,
        "expected_change": 0.12,
        "std": null,
        "baseline": 0.61,
        "current": 0.6666130458184766
      },
      "Pitch": {
        "weighted_contribution": 0.4415138771741971,
        "fatigue_score": 0.580939312071312,
        "relative_change": 0.03983276327265618,
        "normalized_effect": 1.3277587013269545,
        "raw_sigmoid": 0.790469656035656,
        "better_than_baseline": false,
        "weight": 0.76,
        "direction": 1,
        "expected_change": 0.18,
        "std": {
          "male": 20.0,
          "female": 30.0
        },
        "baseline": 120.0,
        "current": 124.77993159311707
      },
      "MFCC": {
        "weighted_contribution": -0.00801186443119628,
        "fatigue_score": -0.010682485908261707,
        "relative_change": -0.0683705141077965,
        "normalized_effect": -0.021365784563689944,
        "raw_sigmoid": 0.49465875704586915,
        "better_than_baseline": true,
        "weight": 0.75,
        "direction": 1,
        "expected_change": 0.2,
        "std": 8.0,
        "baseline": 0.5,
        "current": 0.4658147422623966
      }
    },
    "eye": {
      "fixation_duration": {
        "weighted_contribution": 0.6373857195089514,
        "fatigue_score": 0.6373857195089514,
        "relative_change": 0.3083556869947733,
        "normalized_effect": 1.5075164943222812,
        "raw_sigmoid": 0.8186928597544757,
        "better_than_baseline": false,
        "weight": 1.0,
        "direction": 1,
        "expected_change": 0.5,
        "std": 0.09,
        "baseline": 0.22,
        "current": 0.287838254222407
      },
      "fixation_count": {
        "weighted_contribution": -0.9,
        "fatigue_score": -1.0,
        "relative_change": -0.1164988358597286,
        "normalized_effect": -155.33176992789902,
        "raw_sigmoid": 3.469520485163326e-68,
        "better_than_baseline": true,
        "weight": 0.9,
        "direction": 1,
        "expected_change": 0.45,
        "std": 0.2,
        "baseline": 120.0,
        "current": 106.02013969566758
      },
      "saccade_count": {
        "weighted_contribution": 1.0,
        "fatigue_score": 1.0,
        "relative_change": 0.1868738720905836,
        "normalized_effect": 231.6618101635667,
        "raw_sigmoid": 1.0,
        "better_than_baseline": false,
        "weight": 1.0,
        "direction": 1,
        "expected_change": 0.55,
        "std": 0.22,
        "baseline": 150.0,
        "current": 178.03108081545628
      }
    },
    "game": {
      "score": {
        "weighted_contribution": 0.4234542633686765,
        "fatigue_score": 0.5164076382544835,
        "relative_change": -0.11764705880968859,
        "normalized_effect": -1.1428570966818747,
        "raw_sigmoid": 0.7582038191272418,
        "better_than_baseline": false,
        "weight": 0.82,
        "direction": -1,
        "expected_change": 0.25,
        "std": 35.0,
        "baseline": 85.0,
        "current": 75.0
      }
    },
    "subjective": {
      "fatigue_self": {
        "weighted_contribution": 0.0,
        "fatigue_score": 0.0,
        "relative_change": null,
        "normalized_effect": 0.0,
        "raw_sigmoid": null,
        "better_than_baseline": false,
        "weight": 0.0,
        "direction": 1,
        "expected_change": null,
        "std": null,
        "baseline": 1.0,
        "current": 5.0
      },
      "sleep_last": {
        "weighted_contribution": -0.0,
        "fatigue_score": -0.5,
        "relative_change": null,
        "normalized_effect": -0.5,
        "raw_sigmoid": null,
        "better_than_baseline": true,
        "weight": 0.0,
        "direction": -1,
        "expected_change": null,
        "std": null,
        "baseline": 7.0,
        "current": 6.0
      },
      "sleep_previous": {
        "weighted_contribution": -0.0,
        "fatigue_score": -0.5,
        "relative_change": null,
        "normalized_effect": -0.5,
        "raw_sigmoid": null,
        "better_than_baseline": true,
        "weight": 0.0,
        "direction": -1,
        "expected_change": null,
        "std": null,
        "baseline": 7.0,
        "current": 6.0
      }
    }
  },
  "features": {
    "voice": {
      "dLPC": 0.4225123917947051,
      "PARCOR": 0.6018122548787007,
      "LPC": 0.6666130458184766,
      "Pitch": 124.77993159311707,
      "MFCC": 0.4658147422623966
    },
    "eye": {
      "fixation_duration": 0.287838254222407,
      "fixation_count": 106.02013969566758,
      "saccade_count": 178.03108081545628
    },
    "game": {
      "score": 75
    },
    "questionnaire": {
      "fatigue_self": 5,
      "sleep_last": 6,
      "sleep_previous": 6
    }
  },
  "baseline": {
    "voice": {
      "dLPC": 0.42,
      "PARCOR": 0.55,
      "LPC": 0.61,
      "Pitch": 120.0,
      "MFCC": 0.5
    },
    "eye": {
      "fixation_duration": 0.22,
      "fixation_count": 120,
      "saccade_count": 150
    },
    "game": {
      "score": 85
    },
    "questionnaire": {
      "fatigue_self": 1,
      "sleep_last": 7,
      "sleep_previous": 7
    }
  }
}