{
  "subject_id": 1,
  "subject_info": {
    "name": "ישראל ישראלי",
    "sex": "male",
    "age": 28
  },
  "score": 47.40304265013101,
  "scores": {
    "voice": -15.92391149420333,
    "eye": 87.46920274194459,
    "game": 66.4036752197683,
    "subjective": -33.33333333333333
  },
  "feature_contributions": {
    "voice": {
      "dLPC": {
        "weighted_contribution": 0.0028291504664009538,
        "fatigue_score": 0.003536438083001192,
        "relative_change": 0.0014145812010523046,
        "normalized_effect": 0.00707290565161624,
        "raw_sigmoid": 0.5017682190415006,
        "better_than_baseline": false,
        "weight": 0.8,
        "direction": 1,
        "expected_change": 0.2,
        "std": null,
        "baseline": 0.42,
        "current": 0.42059412411858776
      },
      "PARCOR": {
        "weighted_contribution": -0.3284097766568405,
        "fatigue_score": -0.4265062034504422,
        "relative_change": -0.09112364908050458,
        "normalized_effect": -0.9112363996814058,
        "raw_sigmoid": 0.2867468982747789,
        "better_than_baseline": true,
        "weight": 0.77,
        "direction": 1,
        "expected_change": 0.1,
        "std": null,
        "baseline": 0.55,
        "current": 0.499881992094486
      },
      "LPC": {
        "weighted_contribution": -0.03889178095060221,
        "fatigue_score": -0.051173395987634485,
        "relative_change": -0.012292353626772798,
        "normalized_effect": -0.10243627168675068,
        "raw_sigmoid": 0.47441330200618276,
        "better_than_baseline": true,
        "weight": 0.76,
        "direction": 1,
        "expected_change": 0.12,
        "std": null,
        "baseline": 0.61,
        "current": 0.602501664164745
      },
      "Pitch": {
        "weighted_contribution": -0.24754871657232627,
        "fatigue_score": -0.325721995489903,
        "relative_change": -0.0202821010409805,
        "normalized_effect": -0.6760699968018707,
        "raw_sigmoid": 0.3371390022550485,
        "better_than_baseline": true,
        "weight": 0.76,
        "direction": 1,
        "expected_change": 0.18,
        "std": {
          "male": 20.0,
          "female": 30.0
        },
        "baseline": 120.0,
        "current": 117.56614787487952
      },
      "MFCC": {
        "weighted_contribution": 0.0005429223359602608,
        "fatigue_score": 0.0007238964479470145,
        "relative_change": 0.004632938313559934,
        "normalized_effect": 0.0014477931487880801,
        "raw_sigmoid": 0.5003619482239735,
        "better_than_baseline": false,
        "weight": 0.75,
        "direction": 1,
        "expected_change": 0.2,
        "std": 8.0,
        "baseline": 0.5,
        "current": 0.5023164692031094
      }
    },
    "eye": {
      "fixation_duration": {
        "weighted_contribution": 0.636608135070958,
        "fatigue_score": 0.636608135070958,
        "relative_change": 0.3078203719886089,
        "normalized_effect": 1.504899399079719,
        "raw_sigmoid": 0.818304067535479,
        "better_than_baseline": false,
        "weight": 1.0,
        "direction": 1,
        "expected_change": 0.5,
        "std": 0.09,
        "baseline": 0.22,
        "current": 0.2877204849156977
      },
      "fixation_count": {
        "weighted_contribution": 0.8999987444454349,
        "fatigue_score": 0.9999986049393721,
        "relative_change": 0.01063179014225918,
        "normalized_effect": 14.17571916587695,
        "raw_sigmoid": 0.999999302469686,
        "better_than_baseline": false,
        "weight": 0.9,
        "direction": 1,
        "expected_change": 0.45,
        "std": 0.2,
        "baseline": 120.0,
        "current": 121.27581481717742
      },
      "saccade_count": {
        "weighted_contribution": 1.0,
        "fatigue_score": 1.0,
        "relative_change": 0.16195147739260018,
        "normalized_effect": 200.76628151231102,
        "raw_sigmoid": 1.0,
        "better_than_baseline": false,
        "weight": 1.0,
        "direction": 1,
        "expected_change": 0.55,
        "std": 0.22,
        "baseline": 150.0,
        "current": 174.29272161050955
      }
    },
    "game": {
      "score": {
        "weighted_contribution": 0.5445101368021001,
        "fatigue_score": 0.6640367521976831,
        "relative_change": -0.16470588233356404,
        "normalized_effect": -1.5999999353546248,
        "raw_sigmoid": 0.8320183760988416,
        "better_than_baseline": false,
        "weight": 0.82,
        "direction": -1,
        "expected_change": 0.25,
        "std": 35.0,
        "baseline": 85.0,
        "current": 71.0
      }
    },
    "subjective": {
      "fatigue_self": {
        "weighted_contribution": 0.0,
        "fatigue_score": 0.0,
        "relative_change": null,
        "normalized_effect": 0.0,
        "raw_sigmoid": null,
        "better_than_baseline": false,
        "weight": 0.0,
        "direction": 1,
        "expected_change": null,
        "std": null,
        "baseline": 1.0,
        "current": 5.0
      },
      "sleep_last": {
        "weighted_contribution": -0.0,
        "fatigue_score": -0.5,
        "relative_change": null,
        "normalized_effect": -0.5,
        "raw_sigmoid": null,
        "better_than_baseline": true,
        "weight": 0.0,
        "direction": -1,
        "expected_change": null,
        "std": null,
        "baseline": 7.0,
        "current": 6.0
      },
      "sleep_previous": {
        "weighted_contribution": -0.0,
        "fatigue_score": -0.5,
        "relative_change": null,
        "normalized_effect": -0.5,
        "raw_sigmoid": null,
        "better_than_baseline": true,
        "weight": 0.0,
        "direction": -1,
        "expected_change": null,
        "std": null,
        "baseline": 7.0,
        "current": 6.0
      }
    }
  },
  "features": {
    "voice": {
      "dLPC": 0.42059412411858776,
      "PARCOR": 0.499881992094486,
      "LPC": 0.602501664164745,
      "Pitch": 117.56614787487952,
      "MFCC": 0.5023164692031094
    },
    "eye": {
      "fixation_duration": 0.2877204849156977,
      "fixation_count": 121.27581481717742,
      "saccade_count": 174.29272161050955
    },
    "game": {
      "score": 71
    },
    "questionnaire": {
      "fatigue_self": 5,
      "sleep_last": 6,
      "sleep_previous": 6
    }
  },
  "baseline": {
    "voice": {
      "dLPC": 0.42,
      "PARCOR": 0.55,
      "LPC": 0.61,
      "Pitch": 120.0,
      "MFCC": 0.5
    },
    "eye": {
      "fixation_duration": 0.22,
      "fixation_count": 120,
      "saccade_count": 150
    },
    "game": {
      "score": 85
    },
    "questionnaire": {
      "fatigue_self": 1,
      "sleep_last": 7,
      "sleep_previous": 7
    }
  }
}