{
  "subject_id": 1,
  "subject_info": {
    "name": "ישראל ישראלי",
    "sex": "male",
    "age": 28
  },
  "score": 55.323112824996265,
  "scores": {
    "voice": -2.086467491062991,
    "eye": 74.04771590865113,
    "game": 90.25330811611609,
    "subjective": -33.33333333333333
  },
  "feature_contributions": {
    "voice": {
      "dLPC": {
        "weighted_contribution": 0.02383514683667798,
        "fatigue_score": 0.029793933545847473,
        "relative_change": 0.011921102218201569,
        "normalized_effect": 0.05960550811073244,
        "raw_sigmoid": 0.5148969667729237,
        "better_than_baseline": false,
        "weight": 0.8,
        "direction": 1,
        "expected_change": 0.2,
        "std": null,
        "baseline": 0.42,
        "current": 0.42500686305085567
      },
      "PARCOR": {
        "weighted_contribution": -0.17085641822406375,
        "fatigue_score": -0.22189145223904383,
        "relative_change": -0.045128931697026364,
        "normalized_effect": -0.45128927184133644,
        "raw_sigmoid": 0.3890542738804781,
        "better_than_baseline": true,
        "weight": 0.77,
        "direction": 1,
        "expected_change": 0.1,
        "std": null,
        "baseline": 0.55,
        "current": 0.5251790871153462
      },
      "LPC": {
        "weighted_contribution": -0.18694692658753023,
        "fatigue_score": -0.24598279814148716,
        "relative_change": -0.06027177042706531,
        "normalized_effect": -0.502264711703485,
        "raw_sigmoid": 0.3770086009292564,
        "better_than_baseline": true,
        "weight": 0.76,
        "direction": 1,
        "expected_change": 0.12,
        "std": null,
        "baseline": 0.61,
        "current": 0.5732342194367724
      },
      "Pitch": {
        "weighted_contribution": 0.24462482247904654,
        "fatigue_score": 0.32187476641979806,
        "relative_change": 0.020024230253032158,
        "normalized_effect": 0.6674743043520956,
        "raw_sigmoid": 0.660937383209899,
        "better_than_baseline": false,
        "weight": 0.76,
        "direction": 1,
        "expected_change": 0.18,
        "std": {
          "male": 20.0,
          "female": 30.0
        },
        "baseline": 120.0,
        "current": 122.4029076305641
      },
      "MFCC": {
        "weighted_contribution": 0.009223023839050604,
        "fatigue_score": 0.012297365118734138,
        "relative_change": 0.07870710845255677,
        "normalized_effect": 0.024595970130880516,
        "raw_sigmoid": 0.5061486825593671,
        "better_than_baseline": false,
        "weight": 0.75,
        "direction": 1,
        "expected_change": 0.2,
        "std": 8.0,
        "baseline": 0.5,
        "current": 0.5393535550133495
      }
    },
    "eye": {
      "fixation_duration": {
        "weighted_contribution": 0.2473837613508827,
        "fatigue_score": 0.2473837613508827,
        "relative_change": 0.10334623450803444,
        "normalized_effect": 0.5052481913511822,
        "raw_sigmoid": 0.6236918806754413,
        "better_than_baseline": false,
        "weight": 1.0,
        "direction": 1,
        "expected_change": 0.5,
        "std": 0.09,
        "baseline": 0.22,
        "current": 0.24273617262522992
      },
      "fixation_count": {
        "weighted_contribution": 0.9,
        "fatigue_score": 1.0,
        "relative_change": 0.18454591933401326,
        "normalized_effect": 246.0612080075968,
        "raw_sigmoid": 1.0,
        "better_than_baseline": false,
        "weight": 0.9,
        "direction": 1,
        "expected_change": 0.45,
        "std": 0.2,
        "baseline": 120.0,
        "current": 142.14551032192705
      },
      "saccade_count": {
        "weighted_contribution": 1.0,
        "fatigue_score": 1.0,
        "relative_change": 0.03078822182616768,
        "normalized_effect": 38.1672147110545,
        "raw_sigmoid": 1.0,
        "better_than_baseline": false,
        "weight": 1.0,
        "direction": 1,
        "expected_change": 0.55,
        "std": 0.22,
        "baseline": 150.0,
        "current": 154.61823327423303
      }
    },
    "game": {
      "score": {
        "weighted_contribution": 0.740077126552152,
        "fatigue_score": 0.9025330811611609,
        "relative_change": -0.30588235290519034,
        "normalized_effect": -2.971428451372874,
        "raw_sigmoid": 0.9512665405805805,
        "better_than_baseline": false,
        "weight": 0.82,
        "direction": -1,
        "expected_change": 0.25,
        "std": 35.0,
        "baseline": 85.0,
        "current": 59.0
      }
    },
    "subjective": {
      "fatigue_self": {
        "weighted_contribution": 0.0,
        "fatigue_score": 0.0,
        "relative_change": null,
        "normalized_effect": 0.0,
        "raw_sigmoid": null,
        "better_than_baseline": false,
        "weight": 0.0,
        "direction": 1,
        "expected_change": null,
        "std": null,
        "baseline": 1.0,
        "current": 5.0
      },
      "sleep_last": {
        "weighted_contribution": -0.0,
        "fatigue_score": -0.5,
        "relative_change": null,
        "normalized_effect": -0.5,
        "raw_sigmoid": null,
        "better_than_baseline": true,
        "weight": 0.0,
        "direction": -1,
        "expected_change": null,
        "std": null,
        "baseline": 7.0,
        "current": 6.0
      },
      "sleep_previous": {
        "weighted_contribution": -0.0,
        "fatigue_score": -0.5,
        "relative_change": null,
        "normalized_effect": -0.5,
        "raw_sigmoid": null,
        "better_than_baseline": true,
        "weight": 0.0,
        "direction": -1,
        "expected_change": null,
        "std": null,
        "baseline": 7.0,
        "current": 6.0
      }
    }
  },
  "features": {
    "voice": {
      "dLPC": 0.42500686305085567,
      "PARCOR": 0.5251790871153462,
      "LPC": 0.5732342194367724,
      "Pitch": 122.4029076305641,
      "MFCC": 0.5393535550133495
    },
    "eye": {
      "fixation_duration": 0.24273617262522992,
      "fixation_count": 142.14551032192705,
      "saccade_count": 154.61823327423303
    },
    "game": {
      "score": 59
    },
    "questionnaire": {
      "fatigue_self": 5,
      "sleep_last": 6,
      "sleep_previous": 6
    }
  },
  "baseline": {
    "voice": {
      "dLPC": 0.42,
      "PARCOR": 0.55,
      "LPC": 0.61,
      "Pitch": 120.0,
      "MFCC": 0.5
    },
    "eye": {
      "fixation_duration": 0.22,
      "fixation_count": 120,
      "saccade_count": 150
    },
    "game": {
      "score": 85
    },
    "questionnaire": {
      "fatigue_self": 1,
      "sleep_last": 7,
      "sleep_previous": 7
    }
  }
}