{
  "subject_id": 1,
  "subject_info": {
    "name": "ישראל ישראלי",
    "sex": "male",
    "age": 28
  },
  "score": 0.0,
  "scores": {
    "voice": 1.7684242072860494,
    "eye": 14.053169819155768,
    "game": -16.976877270777468,
    "subjective": -33.33333333333333
  },
  "feature_contributions": {
    "voice": {
      "dLPC": {
        "weighted_contribution": 0.08484810278865372,
        "fatigue_score": 0.10606012848581714,
        "relative_change": 0.04258420837452439,
        "normalized_effect": 0.21292103122657038,
        "raw_sigmoid": 0.5530300642429086,
        "better_than_baseline": false,
        "weight": 0.8,
        "direction": 1,
        "expected_change": 0.2,
        "std": null,
        "baseline": 0.42,
        "current": 0.4378853679431423
      },
      "PARCOR": {
        "weighted_contribution": 0.16389789088566134,
        "fatigue_score": 0.2128544037476121,
        "relative_change": 0.04323186821871352,
        "normalized_effect": 0.4323186389552713,
        "raw_sigmoid": 0.606427201873806,
        "better_than_baseline": false,
        "weight": 0.77,
        "direction": 1,
        "expected_change": 0.1,
        "std": null,
        "baseline": 0.55,
        "current": 0.5737775279526112
      },
      "LPC": {
        "weighted_contribution": -0.057835889115802036,
        "fatigue_score": -0.07609985409973952,
        "relative_change": -0.018299346208474298,
        "normalized_effect": -0.15249453902940757,
        "raw_sigmoid": 0.46195007295013024,
        "better_than_baseline": true,
        "weight": 0.76,
        "direction": 1,
        "expected_change": 0.12,
        "std": null,
        "baseline": 0.61,
        "current": 0.5988373986298372
      },
      "Pitch": {
        "weighted_contribution": -0.12489598410343349,
        "fatigue_score": -0.16433682118872828,
        "relative_change": -0.009950440037005374,
        "normalized_effect": -0.33168131597426537,
        "raw_sigmoid": 0.41783158940563586,
        "better_than_baseline": true,
        "weight": 0.76,
        "direction": 1,
        "expected_change": 0.18,
        "std": {
          "male": 20.0,
          "female": 30.0
        },
        "baseline": 120.0,
        "current": 118.80594719545985
      },
      "MFCC": {
        "weighted_contribution": 0.0018933691047047785,
        "fatigue_score": 0.0025244921396063713,
        "relative_change": 0.016156784844295877,
        "normalized_effect": 0.005048995005081467,
        "raw_sigmoid": 0.5012622460698032,
        "better_than_baseline": false,
        "weight": 0.75,
        "direction": 1,
        "expected_change": 0.2,
        "std": 8.0,
        "baseline": 0.5,
        "current": 0.5080783925837158
      }
    },
    "eye": {
      "fixation_duration": {
        "weighted_contribution": 0.5075419247555171,
        "fatigue_score": 0.5075419247555171,
        "relative_change": 0.22885088627183633,
        "normalized_effect": 1.1188264084161794,
        "raw_sigmoid": 0.7537709623777585,
        "better_than_baseline": false,
        "weight": 1.0,
        "direction": 1,
        "expected_change": 0.5,
        "std": 0.09,
        "baseline": 0.22,
        "current": 0.27034719726831286
      },
      "fixation_count": {
        "weighted_contribution": 0.9,
        "fatigue_score": 1.0,
        "relative_change": 0.09652429818535745,
        "normalized_effect": 128.69905495221136,
        "raw_sigmoid": 1.0,
        "better_than_baseline": false,
        "weight": 0.9,
        "direction": 1,
        "expected_change": 0.45,
        "std": 0.2,
        "baseline": 120.0,
        "current": 131.58291578320814
      },
      "saccade_count": {
        "weighted_contribution": -1.0,
        "fatigue_score": -1.0,
        "relative_change": -0.06324102462851727,
        "normalized_effect": -78.39795942655614,
        "raw_sigmoid": 8.957747750305861e-35,
        "better_than_baseline": true,
        "weight": 1.0,
        "direction": 1,
        "expected_change": 0.55,
        "std": 0.22,
        "baseline": 150.0,
        "current": 140.51384630509
      }
    },
    "game": {
      "score": {
        "weighted_contribution": -0.13921039362037524,
        "fatigue_score": -0.16976877270777468,
        "relative_change": 0.035294117642906575,
        "normalized_effect": 0.3428571290045624,
        "raw_sigmoid": 0.41511561364611266,
        "better_than_baseline": true,
        "weight": 0.82,
        "direction": -1,
        "expected_change": 0.25,
        "std": 35.0,
        "baseline": 85.0,
        "current": 88.0
      }
    },
    "subjective": {
      "fatigue_self": {
        "weighted_contribution": 0.0,
        "fatigue_score": 0.0,
        "relative_change": null,
        "normalized_effect": 0.0,
        "raw_sigmoid": null,
        "better_than_baseline": false,
        "weight": 0.0,
        "direction": 1,
        "expected_change": null,
        "std": null,
        "baseline": 1.0,
        "current": 5.0
      },
      "sleep_last": {
        "weighted_contribution": -0.0,
        "fatigue_score": -0.5,
        "relative_change": null,
        "normalized_effect": -0.5,
        "raw_sigmoid": null,
        "better_than_baseline": true,
        "weight": 0.0,
        "direction": -1,
        "expected_change": null,
        "std": null,
        "baseline": 7.0,
        "current": 6.0
      },
      "sleep_previous": {
        "weighted_contribution": -0.0,
        "fatigue_score": -0.5,
        "relative_change": null,
        "normalized_effect": -0.5,
        "raw_sigmoid": null,
        "better_than_baseline": true,
        "weight": 0.0,
        "direction": -1,
        "expected_change": null,
        "std": null,
        "baseline": 7.0,
        "current": 6.0
      }
    }
  },
  "features": {
    "voice": {
      "dLPC": 0.4378853679431423,
      "PARCOR": 0.5737775279526112,
      "LPC": 0.5988373986298372,
      "Pitch": 118.80594719545985,
      "MFCC": 0.5080783925837158
    },
    "eye": {
      "fixation_duration": 0.27034719726831286,
      "fixation_count": 131.58291578320814,
      "saccade_count": 140.51384630509
    },
    "game": {
      "score": 88
    },
    "questionnaire": {
      "fatigue_self": 5,
      "sleep_last": 6,
      "sleep_previous": 6
    }
  },
  "baseline": {
    "voice": {
      "dLPC": 0.42,
      "PARCOR": 0.55,
      "LPC": 0.61,
      "Pitch": 120.0,
      "MFCC": 0.5
    },
    "eye": {
      "fixation_duration": 0.22,
      "fixation_count": 120,
      "saccade_count": 150
    },
    "game": {
      "score": 85
    },
    "questionnaire": {
      "fatigue_self": 1,
      "sleep_last": 7,
      "sleep_previous": 7
    }
  }
}