subject_id,modality,feature,baseline,current,fatigue_score,relative_change,normalized_effect,raw_sigmoid,weight,direction,expected_change,contribution,better_than_baseline
1,voice,dLPC,0.42,0.43268245867277716,0.07534774203588457,0.030196329454318764,0.15098163972251183,0.5376738710179423,0.8,1,0.2,0.060278193628707656,False
1,voice,PARCOR,0.55,0.49656110824789157,-0.45088300669934633,-0.09716161960089503,-0.9716160988473405,0.27455849665032683,0.77,1,0.1,-0.34717991515849667,True
1,voice,LPC,0.61,0.667784084577184,0.37540496190619166,0.09472800595066216,0.7893999838055195,0.6877024809530958,0.76,1,0.12,0.28530777104870564,False
1,voice,Pitch,120.0,124.00723061507142,0.5054204699392892,0.03339358845614571,1.1131195528083222,0.7527102349696446,0.76,1,0.18,0.3841195571538598,False
1,voice,MFCC,0.5,0.5013706399058401,0.00042832491386302074,0.0027412797568545574,0.0008566498801137426,0.5002141624569315,0.75,1,0.2,0.00032124368539726555,False
1,eye,fixation_duration,0.22,0.2442592170819654,0.2632030898889963,0.1102691635421535,0.5390936177471417,0.6316015449444982,1.0,1,0.5,0.2632030898889963,False
1,eye,fixation_count,120.0,120.49014469491568,0.9914104473022625,0.0040845391239569965,5.446051771950027,0.9957052236511312,0.9,1,0.45,0.8922694025720362,False
1,eye,saccade_count,150.0,138.60798527042274,-1.0,-0.07594676485878525,-94.14887606505314,1.2931909228458524e-41,1.0,1,0.55,-1.0,True
1,game,score,85.0,68.0,0.7493313727262105,-0.1999999999764706,-1.9428570643591871,0.8746656863631053,0.82,-1,0.25,0.6144517256354926,False
