{
  "subject_id": "1",
  "score": 50.48746092299996,
  "scores": {
    "voice": 26.285429212022876,
    "eye": 80.68280387893834,
    "game": 42.77526874663561,
    "subjective": null
  },
  "feature_contributions": {
    "voice": {
      "dLPC": {
        "weighted_contribution": 0.15021088208979663,
        "fatigue_score": 0.18776360261224578,
        "relative_change": 0.0760072167688171,
        "normalized_effect": 0.38003606484228225,
        "raw_sigmoid": 0.5938818013061229,
        "better_than_baseline": false,
        "weight": 0.8,
        "direction": 1,
        "expected_change": 0.2,
        "std": null,
        "baseline": 0.42,
        "current": 0.45192303180297533
      },
      "PARCOR": {
        "weighted_contribution": 0.3479830771880241,
        "fatigue_score": 0.4519260742701612,
        "relative_change": 0.09742361996586026,
        "normalized_effect": 0.9742361022349924,
        "raw_sigmoid": 0.7259630371350806,
        "better_than_baseline": false,
        "weight": 0.77,
        "direction": 1,
        "expected_change": 0.1,
        "std": null,
        "baseline": 0.55,
        "current": 0.6035829919554594
      },
      "LPC": {
        "weighted_contribution": 0.14013506225051062,
        "fatigue_score": 0.18438823980330343,
        "relative_change": 0.044765188842085524,
        "normalized_effect": 0.3730432092637786,
        "raw_sigmoid": 0.5921941199016517,
        "better_than_baseline": false,
        "weight": 0.76,
        "direction": 1,
        "expected_change": 0.12,
        "std": null,
        "baseline": 0.61,
        "current": 0.637306765641324
      },
      "Pitch": {
        "weighted_contribution": 0.37981010433862383,
        "fatigue_score": 0.49975013728766293,
        "relative_change": 0.03293838481781531,
        "normalized_effect": 1.097946099047865,
        "raw_sigmoid": 0.7498750686438315,
        "better_than_baseline": false,
        "weight": 0.76,
        "direction": 1,
        "expected_change": 0.18,
        "std": {
          "male": 20.0,
          "female": 30.0
        },
        "baseline": 120.0,
        "current": 123.95260617846722
      },
      "MFCC": {
        "weighted_contribution": -0.008778644125276819,
        "fatigue_score": -0.011704858833702425,
        "relative_change": -0.07491452168928109,
        "normalized_effect": -0.02341078682809751,
        "raw_sigmoid": 0.4941475705831488,
        "better_than_baseline": true,
        "weight": 0.75,
        "direction": 1,
        "expected_change": 0.2,
        "std": 8.0,
        "baseline": 0.5,
        "current": 0.46254273840621424
      }
    },
    "eye": {
      "fixation_duration": {
        "weighted_contribution": 0.43980131248921195,
        "fatigue_score": 0.43980131248921195,
        "relative_change": 0.1930845701143172,
        "normalized_effect": 0.9439688856829614,
        "raw_sigmoid": 0.719900656244606,
        "better_than_baseline": false,
        "weight": 1.0,
        "direction": 1,
        "expected_change": 0.5,
        "std": 0.09,
        "baseline": 0.22,
        "current": 0.2624786073559955
      },
      "fixation_count": {
        "weighted_contribution": 0.9,
        "fatigue_score": 1.0,
        "relative_change": 0.14381175435582177,
        "normalized_effect": 191.74899195922384,
        "raw_sigmoid": 1.0,
        "better_than_baseline": false,
        "weight": 0.9,
        "direction": 1,
        "expected_change": 0.45,
        "std": 0.2,
        "baseline": 120.0,
        "current": 137.25741052413673
      },
      "saccade_count": {
        "weighted_contribution": 1.0,
        "fatigue_score": 1.0,
        "relative_change": 0.13466538991466978,
        "normalized_effect": 166.94055538643116,
        "raw_sigmoid": 1.0,
        "better_than_baseline": false,
        "weight": 1.0,
        "direction": 1,
        "expected_change": 0.55,
        "std": 0.22,
        "baseline": 150.0,
        "current": 170.19980848854712
      }
    },
    "game": {
      "score": {
        "weighted_contribution": 0.35075720372241204,
        "fatigue_score": 0.4277526874663562,
        "relative_change": -0.09411764704775087,
        "normalized_effect": -0.9142856773454998,
        "raw_sigmoid": 0.7138763437331781,
        "better_than_baseline": false,
        "weight": 0.82,
        "direction": -1,
        "expected_change": 0.25,
        "std": 35.0,
        "baseline": 85.0,
        "current": 77.0
      }
    },
    "subjective": {}
  },
  "features": {
    "voice": {
      "dLPC": 0.45192303180297533,
      "PARCOR": 0.6035829919554594,
      "LPC": 0.637306765641324,
      "Pitch": 123.95260617846722,
      "MFCC": 0.46254273840621424
    },
    "eye": {
      "fixation_duration": 0.2624786073559955,
      "fixation_count": 137.25741052413673,
      "saccade_count": 170.19980848854712
    },
    "game": {
      "score": 77
    }
  },
  "baseline": {
    "voice": {
      "dLPC": 0.42,
      "PARCOR": 0.55,
      "LPC": 0.61,
      "Pitch": 120.0,
      "MFCC": 0.5
    },
    "eye": {
      "fixation_duration": 0.22,
      "fixation_count": 120,
      "saccade_count": 150
    },
    "game": {
      "score": 85
    },
    "questionnaire": {
      "fatigue_self": 1,
      "sleep_last": 7,
      "sleep_previous": 7
    }
  }
}