{
  "subject_id": 1,
  "subject_info": {
    "name": "ישראל ישראלי",
    "sex": "male",
    "age": 28
  },
  "score": 11.572109274896903,
  "scores": {
    "voice": -83.20571060723715,
    "eye": 28.443404684064006,
    "game": 83.36545922235557,
    "subjective": -33.33333333333333
  },
  "feature_contributions": {
    "voice": {
      "dLPC": {
        "weighted_contribution": -0.7892914345956247,
        "fatigue_score": -0.9866142932445308,
        "relative_change": -0.9999999761904768,
        "normalized_effect": -4.999999630952402,
        "raw_sigmoid": 0.006692853377734647,
        "better_than_baseline": true,
        "weight": 0.8,
        "direction": 1,
        "expected_change": 0.2,
        "std": null,
        "baseline": 0.42,
        "current": 0.0
      },
      "PARCOR": {
        "weighted_contribution": -0.7699300871995779,
        "fatigue_score": -0.9999092041552959,
        "relative_change": -0.9999999818181821,
        "normalized_effect": -9.999998818181938,
        "raw_sigmoid": 4.5397922352051614e-05,
        "better_than_baseline": true,
        "weight": 0.77,
        "direction": 1,
        "expected_change": 0.1,
        "std": null,
        "baseline": 0.55,
        "current": 0.0
      },
      "LPC": {
        "weighted_contribution": -0.7596347258930249,
        "fatigue_score": -0.9995193761750328,
        "relative_change": -0.9999999836065576,
        "normalized_effect": -8.333332502276939,
        "raw_sigmoid": 0.00024031191248360178,
        "better_than_baseline": true,
        "weight": 0.76,
        "direction": 1,
        "expected_change": 0.12,
        "std": null,
        "baseline": 0.61,
        "current": 0.0
      },
      "Pitch": {
        "weighted_contribution": -0.7599999999999949,
        "fatigue_score": -0.9999999999999933,
        "relative_change": -0.9999999999166668,
        "normalized_effect": -33.333331462037144,
        "raw_sigmoid": 3.3382440422025056e-15,
        "better_than_baseline": true,
        "weight": 0.76,
        "direction": 1,
        "expected_change": 0.18,
        "std": {
          "male": 20.0,
          "female": 30.0
        },
        "baseline": 120.0,
        "current": 0.0
      },
      "MFCC": {
        "weighted_contribution": -0.11624303962968408,
        "fatigue_score": -0.15499071950624543,
        "relative_change": -0.9999999800000003,
        "normalized_effect": -0.31249997773437616,
        "raw_sigmoid": 0.4225046402468773,
        "better_than_baseline": true,
        "weight": 0.75,
        "direction": 1,
        "expected_change": 0.2,
        "std": 8.0,
        "baseline": 0.5,
        "current": 0.0
      }
    },
    "eye": {
      "fixation_duration": {
        "weighted_contribution": 0.7248587358378562,
        "fatigue_score": 0.7248587358378562,
        "relative_change": 0.37546691336127747,
        "normalized_effect": 1.835615780207728,
        "raw_sigmoid": 0.8624293679189281,
        "better_than_baseline": false,
        "weight": 1.0,
        "direction": 1,
        "expected_change": 0.5,
        "std": 0.09,
        "baseline": 0.22,
        "current": 0.30260272469415017
      },
      "fixation_count": {
        "weighted_contribution": -0.9,
        "fatigue_score": -1.0,
        "relative_change": -0.16231595190472317,
        "normalized_effect": -216.42125357587344,
        "raw_sigmoid": 1.021983314744827e-94,
        "better_than_baseline": true,
        "weight": 0.9,
        "direction": 1,
        "expected_change": 0.45,
        "std": 0.2,
        "baseline": 120.0,
        "current": 100.52208576981006
      },
      "saccade_count": {
        "weighted_contribution": 1.0,
        "fatigue_score": 1.0,
        "relative_change": 0.1429343856509434,
        "normalized_effect": 177.191375894776,
        "raw_sigmoid": 1.0,
        "better_than_baseline": false,
        "weight": 1.0,
        "direction": 1,
        "expected_change": 0.55,
        "std": 0.22,
        "baseline": 150.0,
        "current": 171.44015784907086
      }
    },
    "game": {
      "score": {
        "weighted_contribution": 0.6835967656233156,
        "fatigue_score": 0.8336545922235556,
        "relative_change": -0.24705882350034603,
        "normalized_effect": -2.3999999030319366,
        "raw_sigmoid": 0.9168272961117778,
        "better_than_baseline": false,
        "weight": 0.82,
        "direction": -1,
        "expected_change": 0.25,
        "std": 35.0,
        "baseline": 85.0,
        "current": 64.0
      }
    },
    "subjective": {
      "fatigue_self": {
        "weighted_contribution": 0.0,
        "fatigue_score": 0.0,
        "relative_change": null,
        "normalized_effect": 0.0,
        "raw_sigmoid": null,
        "better_than_baseline": false,
        "weight": 0.0,
        "direction": 1,
        "expected_change": null,
        "std": null,
        "baseline": 1.0,
        "current": 5.0
      },
      "sleep_last": {
        "weighted_contribution": -0.0,
        "fatigue_score": -0.5,
        "relative_change": null,
        "normalized_effect": -0.5,
        "raw_sigmoid": null,
        "better_than_baseline": true,
        "weight": 0.0,
        "direction": -1,
        "expected_change": null,
        "std": null,
        "baseline": 7.0,
        "current": 6.0
      },
      "sleep_previous": {
        "weighted_contribution": -0.0,
        "fatigue_score": -0.5,
        "relative_change": null,
        "normalized_effect": -0.5,
        "raw_sigmoid": null,
        "better_than_baseline": true,
        "weight": 0.0,
        "direction": -1,
        "expected_change": null,
        "std": null,
        "baseline": 7.0,
        "current": 6.0
      }
    }
  },
  "features": {
    "voice": {
      "dLPC": 0.0,
      "PARCOR": 0.0,
      "LPC": 0.0,
      "Pitch": 0.0,
      "MFCC": 0.0,
      "events": []
    },
    "eye": {
      "fixation_duration": 0.30260272469415017,
      "fixation_count": 100.52208576981006,
      "saccade_count": 171.44015784907086
    },
    "game": {
      "score": 64
    },
    "questionnaire": {
      "fatigue_self": 5,
      "sleep_last": 6,
      "sleep_previous": 6
    }
  },
  "baseline": {
    "voice": {
      "dLPC": 0.42,
      "PARCOR": 0.55,
      "LPC": 0.61,
      "Pitch": 120.0,
      "MFCC": 0.5
    },
    "eye": {
      "fixation_duration": 0.22,
      "fixation_count": 120,
      "saccade_count": 150
    },
    "game": {
      "score": 85
    },
    "questionnaire": {
      "fatigue_self": 1,
      "sleep_last": 7,
      "sleep_previous": 7
    }
  }
}