{
  "subject_id": "1",
  "score": 30.470382894822883,
  "scores": {
    "voice": 9.969970061410773,
    "eye": 5.361120429690774,
    "game": 74.93313727262104,
    "subjective": null
  },
  "feature_contributions": {
    "voice": {
      "dLPC": {
        "weighted_contribution": 0.060278193628707656,
        "fatigue_score": 0.07534774203588457,
        "relative_change": 0.030196329454318764,
        "normalized_effect": 0.15098163972251183,
        "raw_sigmoid": 0.5376738710179423,
        "better_than_baseline": false,
        "weight": 0.8,
        "direction": 1,
        "expected_change": 0.2,
        "std": null,
        "baseline": 0.42,
        "current": 0.43268245867277716
      },
      "PARCOR": {
        "weighted_contribution": -0.34717991515849667,
        "fatigue_score": -0.45088300669934633,
        "relative_change": -0.09716161960089503,
        "normalized_effect": -0.9716160988473405,
        "raw_sigmoid": 0.27455849665032683,
        "better_than_baseline": true,
        "weight": 0.77,
        "direction": 1,
        "expected_change": 0.1,
        "std": null,
        "baseline": 0.55,
        "current": 0.49656110824789157
      },
      "LPC": {
        "weighted_contribution": 0.28530777104870564,
        "fatigue_score": 0.37540496190619166,
        "relative_change": 0.09472800595066216,
        "normalized_effect": 0.7893999838055195,
        "raw_sigmoid": 0.6877024809530958,
        "better_than_baseline": false,
        "weight": 0.76,
        "direction": 1,
        "expected_change": 0.12,
        "std": null,
        "baseline": 0.61,
        "current": 0.667784084577184
      },
      "Pitch": {
        "weighted_contribution": 0.3841195571538598,
        "fatigue_score": 0.5054204699392892,
        "relative_change": 0.03339358845614571,
        "normalized_effect": 1.1131195528083222,
        "raw_sigmoid": 0.7527102349696446,
        "better_than_baseline": false,
        "weight": 0.76,
        "direction": 1,
        "expected_change": 0.18,
        "std": {
          "male": 20.0,
          "female": 30.0
        },
        "baseline": 120.0,
        "current": 124.00723061507142
      },
      "MFCC": {
        "weighted_contribution": 0.00032124368539726555,
        "fatigue_score": 0.00042832491386302074,
        "relative_change": 0.0027412797568545574,
        "normalized_effect": 0.0008566498801137426,
        "raw_sigmoid": 0.5002141624569315,
        "better_than_baseline": false,
        "weight": 0.75,
        "direction": 1,
        "expected_change": 0.2,
        "std": 8.0,
        "baseline": 0.5,
        "current": 0.5013706399058401
      }
    },
    "eye": {
      "fixation_duration": {
        "weighted_contribution": 0.2632030898889963,
        "fatigue_score": 0.2632030898889963,
        "relative_change": 0.1102691635421535,
        "normalized_effect": 0.5390936177471417,
        "raw_sigmoid": 0.6316015449444982,
        "better_than_baseline": false,
        "weight": 1.0,
        "direction": 1,
        "expected_change": 0.5,
        "std": 0.09,
        "baseline": 0.22,
        "current": 0.2442592170819654
      },
      "fixation_count": {
        "weighted_contribution": 0.8922694025720362,
        "fatigue_score": 0.9914104473022625,
        "relative_change": 0.0040845391239569965,
        "normalized_effect": 5.446051771950027,
        "raw_sigmoid": 0.9957052236511312,
        "better_than_baseline": false,
        "weight": 0.9,
        "direction": 1,
        "expected_change": 0.45,
        "std": 0.2,
        "baseline": 120.0,
        "current": 120.49014469491568
      },
      "saccade_count": {
        "weighted_contribution": -1.0,
        "fatigue_score": -1.0,
        "relative_change": -0.07594676485878525,
        "normalized_effect": -94.14887606505314,
        "raw_sigmoid": 1.2931909228458524e-41,
        "better_than_baseline": true,
        "weight": 1.0,
        "direction": 1,
        "expected_change": 0.55,
        "std": 0.22,
        "baseline": 150.0,
        "current": 138.60798527042274
      }
    },
    "game": {
      "score": {
        "weighted_contribution": 0.6144517256354926,
        "fatigue_score": 0.7493313727262105,
        "relative_change": -0.1999999999764706,
        "normalized_effect": -1.9428570643591871,
        "raw_sigmoid": 0.8746656863631053,
        "better_than_baseline": false,
        "weight": 0.82,
        "direction": -1,
        "expected_change": 0.25,
        "std": 35.0,
        "baseline": 85.0,
        "current": 68.0
      }
    },
    "subjective": {}
  },
  "features": {
    "voice": {
      "dLPC": 0.43268245867277716,
      "PARCOR": 0.49656110824789157,
      "LPC": 0.667784084577184,
      "Pitch": 124.00723061507142,
      "MFCC": 0.5013706399058401
    },
    "eye": {
      "fixation_duration": 0.2442592170819654,
      "fixation_count": 120.49014469491568,
      "saccade_count": 138.60798527042274
    },
    "game": {
      "score": 68
    }
  },
  "baseline": {
    "voice": {
      "dLPC": 0.42,
      "PARCOR": 0.55,
      "LPC": 0.61,
      "Pitch": 120.0,
      "MFCC": 0.5
    },
    "eye": {
      "fixation_duration": 0.22,
      "fixation_count": 120,
      "saccade_count": 150
    },
    "game": {
      "score": 85
    },
    "questionnaire": {
      "fatigue_self": 1,
      "sleep_last": 7,
      "sleep_previous": 7
    }
  }
}