{
  "subject_id": "1",
  "score": 0.0,
  "scores": {
    "voice": 3.240248881298739,
    "eye": -46.75009953859465,
    "game": 37.994894842695224,
    "subjective": null
  },
  "feature_contributions": {
    "voice": {
      "dLPC": {
        "weighted_contribution": 0.08852751485011492,
        "fatigue_score": 0.11065939356264365,
        "relative_change": 0.044445776161745394,
        "normalized_effect": 0.22222886969728348,
        "raw_sigmoid": 0.5553296967813218,
        "better_than_baseline": false,
        "weight": 0.8,
        "direction": 1,
        "expected_change": 0.2,
        "std": null,
        "baseline": 0.42,
        "current": 0.4386672264323908
      },
      "PARCOR": {
        "weighted_contribution": 0.15785096115892958,
        "fatigue_score": 0.2050012482583501,
        "relative_change": 0.04158953788959886,
        "normalized_effect": 0.4158953373064549,
        "raw_sigmoid": 0.602500624129175,
        "better_than_baseline": false,
        "weight": 0.77,
        "direction": 1,
        "expected_change": 0.1,
        "std": null,
        "baseline": 0.55,
        "current": 0.5728742462551748
      },
      "LPC": {
        "weighted_contribution": 0.21185866487130325,
        "fatigue_score": 0.27876140114645165,
        "relative_change": 0.06872127247037486,
        "normalized_effect": 0.5726772228633553,
        "raw_sigmoid": 0.6393807005732258,
        "better_than_baseline": false,
        "weight": 0.76,
        "direction": 1,
        "expected_change": 0.12,
        "std": null,
        "baseline": 0.61,
        "current": 0.6519199768941414
      },
      "Pitch": {
        "weighted_contribution": -0.3441446180509913,
        "fatigue_score": -0.4528218658565675,
        "relative_change": -0.029294661219961157,
        "normalized_effect": -0.9764886525944246,
        "raw_sigmoid": 0.27358906707171626,
        "better_than_baseline": true,
        "weight": 0.76,
        "direction": 1,
        "expected_change": 0.18,
        "std": {
          "male": 20.0,
          "female": 30.0
        },
        "baseline": 120.0,
        "current": 116.48464065331171
      },
      "MFCC": {
        "weighted_contribution": 0.010333034212515135,
        "fatigue_score": 0.01377737895002018,
        "relative_change": 0.08818080946274692,
        "normalized_effect": 0.027556501544837703,
        "raw_sigmoid": 0.5068886894750101,
        "better_than_baseline": false,
        "weight": 0.75,
        "direction": 1,
        "expected_change": 0.2,
        "std": 8.0,
        "baseline": 0.5,
        "current": 0.5440904056131816
      }
    },
    "eye": {
      "fixation_duration": {
        "weighted_contribution": 0.5442471133803652,
        "fatigue_score": 0.5442471133803652,
        "relative_change": 0.24961524095198823,
        "normalized_effect": 1.2203410179872285,
        "raw_sigmoid": 0.7721235566901826,
        "better_than_baseline": false,
        "weight": 1.0,
        "direction": 1,
        "expected_change": 0.5,
        "std": 0.09,
        "baseline": 0.22,
        "current": 0.2749153555055898
      },
      "fixation_count": {
        "weighted_contribution": -0.9,
        "fatigue_score": -1.0,
        "relative_change": -0.0319592457572009,
        "normalized_effect": -42.61232459871104,
        "raw_sigmoid": 3.1167542884417537e-19,
        "better_than_baseline": true,
        "weight": 0.9,
        "direction": 1,
        "expected_change": 0.45,
        "std": 0.2,
        "baseline": 120.0,
        "current": 116.1648905088163
      },
      "saccade_count": {
        "weighted_contribution": -0.99999999999961,
        "fatigue_score": -0.99999999999961,
        "relative_change": -0.0236077966661747,
        "normalized_effect": -29.265861773380706,
        "raw_sigmoid": 1.9498343798175156e-13,
        "better_than_baseline": true,
        "weight": 1.0,
        "direction": 1,
        "expected_change": 0.55,
        "std": 0.22,
        "baseline": 150.0,
        "current": 146.45883049983772
      }
    },
    "game": {
      "score": {
        "weighted_contribution": 0.3115581377101008,
        "fatigue_score": 0.37994894842695226,
        "relative_change": -0.08235294116678202,
        "normalized_effect": -0.7999999676773124,
        "raw_sigmoid": 0.6899744742134761,
        "better_than_baseline": false,
        "weight": 0.82,
        "direction": -1,
        "expected_change": 0.25,
        "std": 35.0,
        "baseline": 85.0,
        "current": 78.0
      }
    },
    "subjective": {}
  },
  "features": {
    "voice": {
      "dLPC": 0.4386672264323908,
      "PARCOR": 0.5728742462551748,
      "LPC": 0.6519199768941414,
      "Pitch": 116.48464065331171,
      "MFCC": 0.5440904056131816
    },
    "eye": {
      "fixation_duration": 0.2749153555055898,
      "fixation_count": 116.1648905088163,
      "saccade_count": 146.45883049983772
    },
    "game": {
      "score": 78
    }
  },
  "baseline": {
    "voice": {
      "dLPC": 0.42,
      "PARCOR": 0.55,
      "LPC": 0.61,
      "Pitch": 120.0,
      "MFCC": 0.5
    },
    "eye": {
      "fixation_duration": 0.22,
      "fixation_count": 120,
      "saccade_count": 150
    },
    "game": {
      "score": 85
    },
    "questionnaire": {
      "fatigue_self": 1,
      "sleep_last": 7,
      "sleep_previous": 7
    }
  }
}