{
  "subject_id": 1,
  "subject_info": {
    "name": "ישראל ישראלי",
    "sex": "male",
    "age": 28
  },
  "score": 31.44685744906024,
  "scores": {
    "voice": 5.393152548563377,
    "eye": 5.9135319414827086,
    "game": 81.53739270190542,
    "subjective": -33.33333333333333
  },
  "feature_contributions": {
    "voice": {
      "dLPC": {
        "weighted_contribution": 0.060973735118569475,
        "fatigue_score": 0.07621716889821184,
        "relative_change": 0.03054610901640474,
        "normalized_effect": 0.15273053744549683,
        "raw_sigmoid": 0.5381085844491059,
        "better_than_baseline": false,
        "weight": 0.8,
        "direction": 1,
        "expected_change": 0.2,
        "std": null,
        "baseline": 0.42,
        "current": 0.43282936609235106
      },
      "PARCOR": {
        "weighted_contribution": 0.22967819986665503,
        "fatigue_score": 0.2982833764502013,
        "relative_change": 0.06152686003491807,
        "normalized_effect": 0.6152685388223268,
        "raw_sigmoid": 0.6491416882251007,
        "better_than_baseline": false,
        "weight": 0.77,
        "direction": 1,
        "expected_change": 0.1,
        "std": null,
        "baseline": 0.55,
        "current": 0.5838397736344736
      },
      "LPC": {
        "weighted_contribution": -0.27353238334995006,
        "fatigue_score": -0.3599110307236185,
        "relative_change": -0.09042809275385655,
        "normalized_effect": -0.7535673768181899,
        "raw_sigmoid": 0.32004448463819074,
        "better_than_baseline": true,
        "weight": 0.76,
        "direction": 1,
        "expected_change": 0.12,
        "std": null,
        "baseline": 0.61,
        "current": 0.5548388625158666
      },
      "Pitch": {
        "weighted_contribution": 0.1867421542068099,
        "fatigue_score": 0.2457133607984341,
        "relative_change": 0.015050735988997605,
        "normalized_effect": 0.5016911715106762,
        "raw_sigmoid": 0.622856680399217,
        "better_than_baseline": false,
        "weight": 0.76,
        "direction": 1,
        "expected_change": 0.18,
        "std": {
          "male": 20.0,
          "female": 30.0
        },
        "baseline": 120.0,
        "current": 121.80608831883022
      },
      "MFCC": {
        "weighted_contribution": 0.003235352022749327,
        "fatigue_score": 0.004313802696999103,
        "relative_change": 0.027608509931180133,
        "normalized_effect": 0.008627658911326271,
        "raw_sigmoid": 0.5021569013484996,
        "better_than_baseline": false,
        "weight": 0.75,
        "direction": 1,
        "expected_change": 0.2,
        "std": 8.0,
        "baseline": 0.5,
        "current": 0.5138042552416752
      }
    },
    "eye": {
      "fixation_duration": {
        "weighted_contribution": 0.07149242630299857,
        "fatigue_score": 0.07149242630299857,
        "relative_change": 0.029296887479778787,
        "normalized_effect": 0.14322920889997748,
        "raw_sigmoid": 0.5357462131514993,
        "better_than_baseline": false,
        "weight": 1.0,
        "direction": 1,
        "expected_change": 0.5,
        "std": 0.09,
        "baseline": 0.22,
        "current": 0.2264453155385202
      },
      "fixation_count": {
        "weighted_contribution": -0.9,
        "fatigue_score": -1.0,
        "relative_change": -0.11364006864592752,
        "normalized_effect": -151.52008058478623,
        "raw_sigmoid": 1.5691523244542977e-66,
        "better_than_baseline": true,
        "weight": 0.9,
        "direction": 1,
        "expected_change": 0.45,
        "std": 0.2,
        "baseline": 120.0,
        "current": 106.3631917613523
      },
      "saccade_count": {
        "weighted_contribution": 1.0,
        "fatigue_score": 1.0,
        "relative_change": 0.05491047273219239,
        "normalized_effect": 68.07082963374762,
        "raw_sigmoid": 1.0,
        "better_than_baseline": false,
        "weight": 1.0,
        "direction": 1,
        "expected_change": 0.55,
        "std": 0.22,
        "baseline": 150.0,
        "current": 158.23657091037796
      }
    },
    "game": {
      "score": {
        "weighted_contribution": 0.6686066201556244,
        "fatigue_score": 0.8153739270190543,
        "relative_change": -0.23529411761937719,
        "normalized_effect": -2.2857141933637495,
        "raw_sigmoid": 0.9076869635095272,
        "better_than_baseline": false,
        "weight": 0.82,
        "direction": -1,
        "expected_change": 0.25,
        "std": 35.0,
        "baseline": 85.0,
        "current": 65.0
      }
    },
    "subjective": {
      "fatigue_self": {
        "weighted_contribution": 0.0,
        "fatigue_score": 0.0,
        "relative_change": null,
        "normalized_effect": 0.0,
        "raw_sigmoid": null,
        "better_than_baseline": false,
        "weight": 0.0,
        "direction": 1,
        "expected_change": null,
        "std": null,
        "baseline": 1.0,
        "current": 5.0
      },
      "sleep_last": {
        "weighted_contribution": -0.0,
        "fatigue_score": -0.5,
        "relative_change": null,
        "normalized_effect": -0.5,
        "raw_sigmoid": null,
        "better_than_baseline": true,
        "weight": 0.0,
        "direction": -1,
        "expected_change": null,
        "std": null,
        "baseline": 7.0,
        "current": 6.0
      },
      "sleep_previous": {
        "weighted_contribution": -0.0,
        "fatigue_score": -0.5,
        "relative_change": null,
        "normalized_effect": -0.5,
        "raw_sigmoid": null,
        "better_than_baseline": true,
        "weight": 0.0,
        "direction": -1,
        "expected_change": null,
        "std": null,
        "baseline": 7.0,
        "current": 6.0
      }
    }
  },
  "features": {
    "voice": {
      "dLPC": 0.43282936609235106,
      "PARCOR": 0.5838397736344736,
      "LPC": 0.5548388625158666,
      "Pitch": 121.80608831883022,
      "MFCC": 0.5138042552416752
    },
    "eye": {
      "fixation_duration": 0.2264453155385202,
      "fixation_count": 106.3631917613523,
      "saccade_count": 158.23657091037796
    },
    "game": {
      "score": 65
    },
    "questionnaire": {
      "fatigue_self": 5,
      "sleep_last": 6,
      "sleep_previous": 6
    }
  },
  "baseline": {
    "voice": {
      "dLPC": 0.42,
      "PARCOR": 0.55,
      "LPC": 0.61,
      "Pitch": 120.0,
      "MFCC": 0.5
    },
    "eye": {
      "fixation_duration": 0.22,
      "fixation_count": 120,
      "saccade_count": 150
    },
    "game": {
      "score": 85
    },
    "questionnaire": {
      "fatigue_self": 1,
      "sleep_last": 7,
      "sleep_previous": 7
    }
  }
}