subject_id,modality,feature,baseline,current,fatigue_score,relative_change,normalized_effect,raw_sigmoid,weight,direction,expected_change,contribution,better_than_baseline
1,voice,dLPC,0.42,0.44161367706194143,0.12794769692959584,0.05146113463650025,0.2573056603172182,0.5639738484647979,0.8,1,0.2,0.10235815754367668,False
1,voice,PARCOR,0.55,0.5608144193253713,0.09799736587842789,0.019662580234082728,0.196625782678249,0.5489986829392139,0.77,1,0.1,0.07545797172638948,False
1,voice,LPC,0.61,0.5631659770655613,-0.3094205637267694,-0.07677708551912765,-0.6398089926753144,0.3452897181366153,0.76,1,0.12,-0.23515962843234475,True
1,voice,Pitch,120.0,123.04158965338459,0.3989865165531552,0.02534658044275938,0.8448859673980936,0.6994932582765776,0.76,1,0.18,0.30322975258039797,False
1,voice,MFCC,0.5,0.5058029769384327,0.0018134281762167692,0.011605953644746286,0.003626860328106622,0.5009067140881084,0.75,1,0.2,0.001360071132162577,False
1,eye,fixation_duration,0.22,0.28529951928520664,0.6203353876668842,0.29681598325930364,1.451100172345681,0.8101676938334421,1.0,1,0.5,0.6203353876668842,False
1,eye,fixation_count,120.0,142.1777930027461,1.0,0.18481494167414972,246.41990443520623,1.0,0.9,1,0.45,0.9,False
1,eye,saccade_count,150.0,162.88944397207365,1.0,0.08592962647476235,106.52432356179378,1.0,1.0,1,0.55,1.0,False
1,game,score,85.0,76.0,0.47327767136122767,-0.10588235292871973,-1.0285713870136872,0.7366388356806138,0.82,-1,0.25,0.3880876905162067,False
