{
  "subject_id": 3,
  "subject_info": {
    "name": "מיה הראל",
    "sex": "female",
    "age": 24
  },
  "score": 70.78331008371997,
  "scores": {
    "voice": 14.015844091307015,
    "eye": 94.64208697193241,
    "game": 99.94663075371739,
    "subjective": -33.33333333333333
  },
  "feature_contributions": {
    "voice": {
      "dLPC": {
        "weighted_contribution": 0.06919043710880005,
        "fatigue_score": 0.08648804638600005,
        "relative_change": 0.03468186902352243,
        "normalized_effect": 0.17340933644714532,
        "raw_sigmoid": 0.543244023193,
        "better_than_baseline": false,
        "weight": 0.8,
        "direction": 1,
        "expected_change": 0.2,
        "std": null,
        "baseline": 0.37474603247480937,
        "current": 0.3877429256370041
      },
      "PARCOR": {
        "weighted_contribution": 0.004469377191880786,
        "fatigue_score": 0.00580438596348154,
        "relative_change": 0.0011608903460466234,
        "normalized_effect": 0.011608902299576004,
        "raw_sigmoid": 0.5029021929817408,
        "better_than_baseline": false,
        "weight": 0.77,
        "direction": 1,
        "expected_change": 0.1,
        "std": null,
        "baseline": 0.5517144600546122,
        "current": 0.5523549400566728
      },
      "LPC": {
        "weighted_contribution": 0.005206053835755542,
        "fatigue_score": 0.00685007083652045,
        "relative_change": 0.001644042852820199,
        "normalized_effect": 0.013700355965138663,
        "raw_sigmoid": 0.5034250354182602,
        "better_than_baseline": false,
        "weight": 0.76,
        "direction": 1,
        "expected_change": 0.12,
        "std": null,
        "baseline": 0.5676467583287299,
        "current": 0.5685799939411272
      },
      "Pitch": {
        "weighted_contribution": 0.45527252738054974,
        "fatigue_score": 0.5990427991849339,
        "relative_change": 0.048405058091213586,
        "normalized_effect": 1.3833057882193178,
        "raw_sigmoid": 0.7995213995924669,
        "better_than_baseline": false,
        "weight": 0.76,
        "direction": 1,
        "expected_change": 0.18,
        "std": {
          "male": 20.0,
          "female": 30.0
        },
        "baseline": 154.31965105361414,
        "current": 161.7895027279642
      },
      "MFCC": {
        "weighted_contribution": 0.004070017589203279,
        "fatigue_score": 0.005426690118937705,
        "relative_change": 0.030908258688971513,
        "normalized_effect": 0.010853486780031884,
        "raw_sigmoid": 0.5027133450594689,
        "better_than_baseline": false,
        "weight": 0.75,
        "direction": 1,
        "expected_change": 0.2,
        "std": 8.0,
        "baseline": 0.561842707244883,
        "current": 0.5792082872920026
      }
    },
    "eye": {
      "fixation_duration": {
        "weighted_contribution": 0.8446205221860401,
        "fatigue_score": 0.8446205221860401,
        "relative_change": 0.3971135687414139,
        "normalized_effect": 2.474158487474261,
        "raw_sigmoid": 0.9223102610930201,
        "better_than_baseline": false,
        "weight": 1.0,
        "direction": 1,
        "expected_change": 0.5,
        "std": 0.09,
        "baseline": 0.28036600936790407,
        "current": 0.3917031598729168
      },
      "fixation_count": {
        "weighted_contribution": 0.9,
        "fatigue_score": 1.0,
        "relative_change": 0.148484020158263,
        "normalized_effect": 237.90247377261497,
        "raw_sigmoid": 1.0,
        "better_than_baseline": false,
        "weight": 0.9,
        "direction": 1,
        "expected_change": 0.45,
        "std": 0.2,
        "baseline": 144.1988448526657,
        "current": 165.610069040052
      },
      "saccade_count": {
        "weighted_contribution": 1.0,
        "fatigue_score": 1.0,
        "relative_change": 0.2531541894748,
        "normalized_effect": 400.7004365073335,
        "raw_sigmoid": 1.0,
        "better_than_baseline": false,
        "weight": 1.0,
        "direction": 1,
        "expected_change": 0.55,
        "std": 0.22,
        "baseline": 191.52262896920035,
        "current": 240.00738487451267
      }
    },
    "game": {
      "score": {
        "weighted_contribution": 0.8195623721804826,
        "fatigue_score": 0.9994663075371739,
        "relative_change": -0.9999999998611112,
        "normalized_effect": -8.228571095934708,
        "raw_sigmoid": 0.999733153768587,
        "better_than_baseline": false,
        "weight": 0.82,
        "direction": -1,
        "expected_change": 0.25,
        "std": 35.0,
        "baseline": 72.0,
        "current": 0.0
      }
    },
    "subjective": {
      "fatigue_self": {
        "weighted_contribution": 0.0,
        "fatigue_score": 0.0,
        "relative_change": null,
        "normalized_effect": 0.0,
        "raw_sigmoid": null,
        "better_than_baseline": false,
        "weight": 0.0,
        "direction": 1,
        "expected_change": null,
        "std": null,
        "baseline": 0.0,
        "current": 5.0
      },
      "sleep_last": {
        "weighted_contribution": -0.0,
        "fatigue_score": -0.5,
        "relative_change": null,
        "normalized_effect": -0.5,
        "raw_sigmoid": null,
        "better_than_baseline": true,
        "weight": 0.0,
        "direction": -1,
        "expected_change": null,
        "std": null,
        "baseline": 7.0,
        "current": 6.0
      },
      "sleep_previous": {
        "weighted_contribution": -0.0,
        "fatigue_score": -0.5,
        "relative_change": null,
        "normalized_effect": -0.5,
        "raw_sigmoid": null,
        "better_than_baseline": true,
        "weight": 0.0,
        "direction": -1,
        "expected_change": null,
        "std": null,
        "baseline": 7.0,
        "current": 6.0
      }
    }
  },
  "features": {
    "voice": {
      "dLPC": 0.3877429256370041,
      "PARCOR": 0.5523549400566728,
      "LPC": 0.5685799939411272,
      "Pitch": 161.7895027279642,
      "MFCC": 0.5792082872920026
    },
    "eye": {
      "fixation_duration": 0.3917031598729168,
      "fixation_count": 165.610069040052,
      "saccade_count": 240.00738487451267
    },
    "game": {
      "score": 0
    },
    "questionnaire": {
      "fatigue_self": 5,
      "sleep_last": 6,
      "sleep_previous": 6
    }
  },
  "baseline": {
    "voice": {
      "dLPC": 0.37474603247480937,
      "PARCOR": 0.5517144600546122,
      "LPC": 0.5676467583287299,
      "Pitch": 154.31965105361414,
      "MFCC": 0.561842707244883
    },
    "eye": {
      "fixation_duration": 0.28036600936790407,
      "fixation_count": 144.1988448526657,
      "saccade_count": 191.52262896920035
    },
    "game": {
      "score": 72
    },
    "questionnaire": {
      "fatigue_self": 0,
      "sleep_last": 7,
      "sleep_previous": 7
    }
  }
}