{
  "subject_id": 3,
  "subject_info": {
    "name": "מיה הראל",
    "sex": "female",
    "age": 24
  },
  "score": 61.86054387075536,
  "scores": {
    "voice": 4.572781960837834,
    "eye": 93.81565970001847,
    "game": 83.36545922157804,
    "subjective": -48.333333333333336
  },
  "feature_contributions": {
    "voice": {
      "dLPC": {
        "weighted_contribution": 0.16332896415283926,
        "fatigue_score": 0.20416120519104908,
        "relative_change": 0.08282837654350243,
        "normalized_effect": 0.414141862010419,
        "raw_sigmoid": 0.6020806025955245,
        "better_than_baseline": false,
        "weight": 0.8,
        "direction": 1,
        "expected_change": 0.2,
        "std": null,
        "baseline": 0.37474603247480937,
        "current": 0.40578563878910023
      },
      "PARCOR": {
        "weighted_contribution": -0.1297687024433222,
        "fatigue_score": -0.16853078239392494,
        "relative_change": -0.03403082535445758,
        "normalized_effect": -0.34030821951375384,
        "raw_sigmoid": 0.41573460880303753,
        "better_than_baseline": true,
        "weight": 0.77,
        "direction": 1,
        "expected_change": 0.1,
        "std": null,
        "baseline": 0.5517144600546122,
        "current": 0.5329391612786566
      },
      "LPC": {
        "weighted_contribution": 0.269438773948401,
        "fatigue_score": 0.3545247025636855,
        "relative_change": 0.08894628238310368,
        "normalized_effect": 0.7412189580909508,
        "raw_sigmoid": 0.6772623512818428,
        "better_than_baseline": false,
        "weight": 0.76,
        "direction": 1,
        "expected_change": 0.12,
        "std": null,
        "baseline": 0.5676467583287299,
        "current": 0.6181368280783534
      },
      "Pitch": {
        "weighted_contribution": -0.12294756675976401,
        "fatigue_score": -0.16177311415758422,
        "relative_change": -0.011421973113157053,
        "normalized_effect": -0.32641385308415893,
        "raw_sigmoid": 0.4191134429212079,
        "better_than_baseline": true,
        "weight": 0.76,
        "direction": 1,
        "expected_change": 0.18,
        "std": {
          "male": 20.0,
          "female": 30.0
        },
        "baseline": 154.31965105361414,
        "current": 152.55701614833376
      },
      "MFCC": {
        "weighted_contribution": -0.004456641601981226,
        "fatigue_score": -0.005942188802641635,
        "relative_change": -0.033844399342804685,
        "normalized_effect": -0.01188451748581743,
        "raw_sigmoid": 0.4970289055986792,
        "better_than_baseline": true,
        "weight": 0.75,
        "direction": 1,
        "expected_change": 0.2,
        "std": 8.0,
        "baseline": 0.561842707244883,
        "current": 0.5428274779546007
      }
    },
    "eye": {
      "fixation_duration": {
        "weighted_contribution": 0.8206541313005355,
        "fatigue_score": 0.8206541313005355,
        "relative_change": 0.37199083827563223,
        "normalized_effect": 2.3176349594380867,
        "raw_sigmoid": 0.9103270656502678,
        "better_than_baseline": false,
        "weight": 1.0,
        "direction": 1,
        "expected_change": 0.5,
        "std": 0.09,
        "baseline": 0.28036600936790407,
        "current": 0.38465959993657284
      },
      "fixation_count": {
        "weighted_contribution": 0.9,
        "fatigue_score": 1.0,
        "relative_change": 0.12877447518205487,
        "normalized_effect": 206.32365807396425,
        "raw_sigmoid": 1.0,
        "better_than_baseline": false,
        "weight": 0.9,
        "direction": 1,
        "expected_change": 0.45,
        "std": 0.2,
        "baseline": 144.1988448526657,
        "current": 162.76797542171403
      },
      "saccade_count": {
        "weighted_contribution": 1.0,
        "fatigue_score": 1.0,
        "relative_change": 0.0667498079331989,
        "normalized_effect": 105.65370152910681,
        "raw_sigmoid": 1.0,
        "better_than_baseline": false,
        "weight": 1.0,
        "direction": 1,
        "expected_change": 0.55,
        "std": 0.22,
        "baseline": 191.52262896920035,
        "current": 204.3067276684233
      }
    },
    "game": {
      "score": {
        "weighted_contribution": 0.6835967656169398,
        "fatigue_score": 0.8336545922157803,
        "relative_change": -0.2916666666261574,
        "normalized_effect": -2.3999999029809564,
        "raw_sigmoid": 0.9168272961078902,
        "better_than_baseline": false,
        "weight": 0.82,
        "direction": -1,
        "expected_change": 0.25,
        "std": 35.0,
        "baseline": 72.0,
        "current": 51.0
      }
    },
    "subjective": {
      "fatigue_self": {
        "weighted_contribution": -0.0,
        "fatigue_score": -0.19999999999999996,
        "relative_change": null,
        "normalized_effect": -0.19999999999999996,
        "raw_sigmoid": null,
        "better_than_baseline": true,
        "weight": 0.0,
        "direction": 1,
        "expected_change": null,
        "std": null,
        "baseline": 0.0,
        "current": 4.0
      },
      "sleep_last": {
        "weighted_contribution": -0.0,
        "fatigue_score": -0.75,
        "relative_change": null,
        "normalized_effect": -0.75,
        "raw_sigmoid": null,
        "better_than_baseline": true,
        "weight": 0.0,
        "direction": -1,
        "expected_change": null,
        "std": null,
        "baseline": 7.0,
        "current": 7.0
      },
      "sleep_previous": {
        "weighted_contribution": -0.0,
        "fatigue_score": -0.5,
        "relative_change": null,
        "normalized_effect": -0.5,
        "raw_sigmoid": null,
        "better_than_baseline": true,
        "weight": 0.0,
        "direction": -1,
        "expected_change": null,
        "std": null,
        "baseline": 7.0,
        "current": 6.0
      }
    }
  },
  "features": {
    "voice": {
      "dLPC": 0.40578563878910023,
      "PARCOR": 0.5329391612786566,
      "LPC": 0.6181368280783534,
      "Pitch": 152.55701614833376,
      "MFCC": 0.5428274779546007
    },
    "eye": {
      "fixation_duration": 0.38465959993657284,
      "fixation_count": 162.76797542171403,
      "saccade_count": 204.3067276684233
    },
    "game": {
      "score": 51
    },
    "questionnaire": {
      "fatigue_self": 4,
      "sleep_last": 7,
      "sleep_previous": 6
    }
  },
  "baseline": {
    "voice": {
      "dLPC": 0.37474603247480937,
      "PARCOR": 0.5517144600546122,
      "LPC": 0.5676467583287299,
      "Pitch": 154.31965105361414,
      "MFCC": 0.561842707244883
    },
    "eye": {
      "fixation_duration": 0.28036600936790407,
      "fixation_count": 144.1988448526657,
      "saccade_count": 191.52262896920035
    },
    "game": {
      "score": 72
    },
    "questionnaire": {
      "fatigue_self": 0,
      "sleep_last": 7,
      "sleep_previous": 7
    }
  }
}