{
  "subject_id": 1,
  "subject_info": {
    "name": "ישראל ישראלי",
    "sex": "male",
    "age": 28
  },
  "score": 28.59723919444489,
  "scores": {
    "voice": -20.875985316107773,
    "game": 74.93313727262104,
    "subjective": -33.33333333333333
  },
  "feature_contributions": {
    "voice": {
      "dLPC": {
        "weighted_contribution": -0.7825137352758651,
        "fatigue_score": -0.9781421690948313,
        "relative_change": 0.90107087177574,
        "normalized_effect": 4.505354133610993,
        "raw_sigmoid": 0.010928915452584335,
        "better_than_baseline": true,
        "weight": 0.8,
        "direction": -1,
        "expected_change": 0.2,
        "std": null,
        "baseline": 0.06,
        "current": 0.11406426131725311
      },
      "PARCOR": {
        "weighted_contribution": 0.2603538991264973,
        "fatigue_score": 0.33812194691752895,
        "relative_change": -0.07039411190000595,
        "normalized_effect": -0.7039410486059546,
        "raw_sigmoid": 0.6690609734587645,
        "better_than_baseline": false,
        "weight": 0.77,
        "direction": -1,
        "expected_change": 0.1,
        "std": null,
        "baseline": 0.4,
        "current": 0.3718423545360565
      },
      "LPC": {
        "weighted_contribution": -0.2694391867382402,
        "fatigue_score": -0.35452524570821076,
        "relative_change": 0.08894643147712337,
        "normalized_effect": 0.7412202005410115,
        "raw_sigmoid": 0.3227373771458946,
        "better_than_baseline": true,
        "weight": 0.76,
        "direction": -1,
        "expected_change": 0.12,
        "std": null,
        "baseline": 1200.0,
        "current": 1306.7357177734375
      },
      "Pitch": {
        "weighted_contribution": -0.7599999999999543,
        "fatigue_score": -0.9999999999999398,
        "relative_change": 0.9340544381952741,
        "normalized_effect": 31.13514619454455,
        "raw_sigmoid": 3.0073073412259486e-14,
        "better_than_baseline": true,
        "weight": 0.76,
        "direction": -1,
        "expected_change": 0.18,
        "std": {
          "male": 20.0,
          "female": 30.0
        },
        "baseline": 120.0,
        "current": 232.08653259277344
      },
      "MFCC": {
        "weighted_contribution": 0.7499611867490238,
        "fatigue_score": 0.9999482489986984,
        "relative_change": -0.3379900359431442,
        "normalized_effect": -10.562188081911115,
        "raw_sigmoid": 0.9999741244993492,
        "better_than_baseline": false,
        "weight": 0.75,
        "direction": -1,
        "expected_change": 0.2,
        "std": 8.0,
        "baseline": 50.0,
        "current": 33.10049819946289
      }
    },
    "game": {
      "score": {
        "weighted_contribution": 0.6144517256354926,
        "fatigue_score": 0.7493313727262105,
        "relative_change": -0.1999999999764706,
        "normalized_effect": -1.9428570643591871,
        "raw_sigmoid": 0.8746656863631053,
        "better_than_baseline": false,
        "weight": 0.82,
        "direction": -1,
        "expected_change": 0.25,
        "std": 35.0,
        "baseline": 85.0,
        "current": 68.0
      }
    },
    "subjective": {
      "fatigue_self": {
        "weighted_contribution": 0.0,
        "fatigue_score": 0.0,
        "relative_change": null,
        "normalized_effect": 0.0,
        "raw_sigmoid": null,
        "better_than_baseline": false,
        "weight": 0.0,
        "direction": 1,
        "expected_change": null,
        "std": null,
        "baseline": 1.0,
        "current": 5.0
      },
      "sleep_last": {
        "weighted_contribution": -0.0,
        "fatigue_score": -0.5,
        "relative_change": null,
        "normalized_effect": -0.5,
        "raw_sigmoid": null,
        "better_than_baseline": true,
        "weight": 0.0,
        "direction": -1,
        "expected_change": null,
        "std": null,
        "baseline": 7.0,
        "current": 6.0
      },
      "sleep_previous": {
        "weighted_contribution": -0.0,
        "fatigue_score": -0.5,
        "relative_change": null,
        "normalized_effect": -0.5,
        "raw_sigmoid": null,
        "better_than_baseline": true,
        "weight": 0.0,
        "direction": -1,
        "expected_change": null,
        "std": null,
        "baseline": 7.0,
        "current": 6.0
      }
    }
  },
  "raw_score": 28.59723919444489,
  "modality_contributions": {
    "voice": {
      "score": -0.20875985316107773,
      "weight": 0.768,
      "weighted_contribution": -0.1603275672277077
    },
    "game": {
      "score": 0.7493313727262104,
      "weight": 0.82,
      "weighted_contribution": 0.6144517256354926
    },
    "subjective": {
      "score": -0.3333333333333333,
      "weight": 0.0,
      "weighted_contribution": -0.0
    }
  },
  "measurement_warnings": [
    {
      "modality": "eye",
      "label": "תנועות עיניים",
      "detail": "eye tracker missing, script inactive, or invalid values: fixation_duration, fixation_count, saccade_count"
    }
  ],
  "quality_warning": "איכות ציון העייפות נמוכה עקב חוסר מדידה תקינה של תנועות עיניים",
  "features": {
    "voice": {
      "dLPC": 0.11406426131725311,
      "PARCOR": 0.3718423545360565,
      "LPC": 1306.7357177734375,
      "Pitch": 232.08653259277344,
      "MFCC": 33.10049819946289,
      "events": [
        {
          "event_id": "voice_phrase_1",
          "prompt_text": "Sustained vowel 'Ah'",
          "prompt_type": "phrase",
          "event_type": "phrase",
          "timestamp": 1779091149.2314205,
          "duration": 10.0,
          "audio_path": "C:\\Users\\לינוי\\Documents\\ער FORCE\\Main\\sessions\\1_2026-05-18_10-58-58\\voice\\voice_phrase_1.wav",
          "error": null
        }
      ]
    },
    "game": {
      "score": 68.0
    },
    "questionnaire": {
      "fatigue_self": 5,
      "sleep_last": 6,
      "sleep_previous": 6
    }
  },
  "baseline": {
    "voice": {
      "dLPC": 0.06,
      "PARCOR": 0.4,
      "LPC": 1200,
      "Pitch": 120.0,
      "MFCC": 50
    },
    "eye": {
      "fixation_duration": 0.22,
      "fixation_count": 120,
      "saccade_count": 150
    },
    "game": {
      "score": 85
    },
    "questionnaire": {
      "fatigue_self": 1,
      "sleep_last": 7,
      "sleep_previous": 7
    }
  }
}