{
  "subject_id": 3,
  "subject_info": {
    "name": "מיה הראל",
    "sex": "female",
    "age": 24
  },
  "score": 0.0,
  "scores": {
    "voice": -11.970586432030398,
    "eye": null,
    "game": null,
    "subjective": -33.33333333333333
  },
  "feature_contributions": {
    "voice": {
      "dLPC": {
        "weighted_contribution": 0.09721645631327541,
        "fatigue_score": 0.12152057039159425,
        "relative_change": 0.04884964317301409,
        "normalized_effect": 0.24424820365266026,
        "raw_sigmoid": 0.5607602851957971,
        "better_than_baseline": false,
        "weight": 0.8,
        "direction": 1,
        "expected_change": 0.2,
        "std": null,
        "baseline": 0.12,
        "current": 0.12586195766925812
      },
      "PARCOR": {
        "weighted_contribution": -0.11478745368519588,
        "fatigue_score": -0.14907461517557907,
        "relative_change": -0.030038779968729175,
        "normalized_effect": -0.30038776964851477,
        "raw_sigmoid": 0.42546269241221046,
        "better_than_baseline": true,
        "weight": 0.77,
        "direction": 1,
        "expected_change": 0.1,
        "std": null,
        "baseline": 0.45,
        "current": 0.4364825487136841
      },
      "LPC": {
        "weighted_contribution": -0.07690507966252288,
        "fatigue_score": -0.10119089429279327,
        "relative_change": -0.024369222005045873,
        "normalized_effect": -0.20307683311897953,
        "raw_sigmoid": 0.44940455285360337,
        "better_than_baseline": true,
        "weight": 0.76,
        "direction": 1,
        "expected_change": 0.12,
        "std": null,
        "baseline": 1500.0,
        "current": 1463.4461669921875
      },
      "Pitch": {
        "weighted_contribution": -0.2950683403358964,
        "fatigue_score": -0.38824781623144267,
        "relative_change": -0.02212570190319059,
        "normalized_effect": -0.8194703950596209,
        "raw_sigmoid": 0.30587609188427867,
        "better_than_baseline": true,
        "weight": 0.76,
        "direction": 1,
        "expected_change": 0.18,
        "std": {
          "male": 20.0,
          "female": 30.0
        },
        "baseline": 200.0,
        "current": 195.57485961914062
      },
      "MFCC": {
        "weighted_contribution": -0.07012610161962754,
        "fatigue_score": -0.09350146882617005,
        "relative_change": -0.010002708431724357,
        "normalized_effect": -0.1875507734828545,
        "raw_sigmoid": 0.453249265586915,
        "better_than_baseline": true,
        "weight": 0.75,
        "direction": 1,
        "expected_change": 0.2,
        "std": 8.0,
        "baseline": 30.0,
        "current": 29.699918746948242
      }
    },
    "eye": {},
    "game": {},
    "subjective": {
      "fatigue_self": {
        "weighted_contribution": 0.0,
        "fatigue_score": 0.0,
        "relative_change": null,
        "normalized_effect": 0.0,
        "raw_sigmoid": null,
        "better_than_baseline": false,
        "weight": 0.0,
        "direction": 1,
        "expected_change": null,
        "std": null,
        "baseline": 0.0,
        "current": 5.0
      },
      "sleep_last": {
        "weighted_contribution": -0.0,
        "fatigue_score": -0.5,
        "relative_change": null,
        "normalized_effect": -0.5,
        "raw_sigmoid": null,
        "better_than_baseline": true,
        "weight": 0.0,
        "direction": -1,
        "expected_change": null,
        "std": null,
        "baseline": 7.0,
        "current": 6.0
      },
      "sleep_previous": {
        "weighted_contribution": -0.0,
        "fatigue_score": -0.5,
        "relative_change": null,
        "normalized_effect": -0.5,
        "raw_sigmoid": null,
        "better_than_baseline": true,
        "weight": 0.0,
        "direction": -1,
        "expected_change": null,
        "std": null,
        "baseline": 7.0,
        "current": 6.0
      }
    }
  },
  "raw_score": -11.970586432030398,
  "modality_contributions": {
    "voice": {
      "score": -0.11970586432030397,
      "weight": 0.768,
      "weighted_contribution": -0.09193410379799345
    },
    "subjective": {
      "score": -0.3333333333333333,
      "weight": 0.0,
      "weighted_contribution": -0.0
    }
  },
  "measurement_warnings": [
    {
      "modality": "eye",
      "label": "תנועות עיניים",
      "detail": "eye tracker missing, script inactive, or invalid values: fixation_duration, fixation_count, saccade_count"
    },
    {
      "modality": "game",
      "label": "משחק",
      "detail": "game was not started or no FlightGear score was found"
    }
  ],
  "quality_warning": "איכות ציון העייפות נמוכה עקב חוסר מדידה תקינה של תנועות עיניים / משחק",
  "features": {
    "voice": {
      "dLPC": 0.12586195766925812,
      "PARCOR": 0.4364825487136841,
      "LPC": 1463.4461669921875,
      "Pitch": 195.57485961914062,
      "MFCC": 29.699918746948242,
      "events": [
        {
          "event_id": "voice_phrase_1",
          "prompt_text": "Sustained vowel 'Ah'",
          "prompt_type": "phrase",
          "event_type": "phrase",
          "timestamp": 1778956664.2735202,
          "duration": 10.0,
          "audio_path": "C:\\Users\\לינוי\\Documents\\ער FORCE\\Main\\sessions\\3_2026-05-16_21-37-33\\voice\\voice_phrase_1.wav",
          "error": null
        }
      ]
    },
    "eye": {
      "fixation_duration": null,
      "fixation_count": null,
      "saccade_count": null
    },
    "game": {
      "score": null
    },
    "questionnaire": {
      "fatigue_self": 5,
      "sleep_last": 6,
      "sleep_previous": 6
    }
  },
  "baseline": {
    "voice": {
      "dLPC": 0.12,
      "PARCOR": 0.45,
      "LPC": 1500,
      "Pitch": 200,
      "MFCC": 30
    },
    "eye": {
      "fixation_duration": 0.28036600936790407,
      "fixation_count": 144.1988448526657,
      "saccade_count": 191.52262896920035
    },
    "game": {
      "score": 72
    },
    "questionnaire": {
      "fatigue_self": 0,
      "sleep_last": 7,
      "sleep_previous": 7
    }
  }
}