{
  "subject_id": 3,
  "subject_info": {
    "name": "מיה הראל",
    "sex": "female",
    "age": 24
  },
  "score": 39.92744336687438,
  "scores": {
    "voice": 9.534143627051687,
    "game": 85.0274492354376,
    "subjective": -32.142857142857146,
    "eye": 32.12996389891697
  },
  "feature_contributions": {
    "voice": {
      "dLPC": {
        "weighted_contribution": -0.14304011923607982,
        "fatigue_score": -0.17880014904509978,
        "relative_change": -0.12652005939357294,
        "normalized_effect": -0.3614858736534692,
        "raw_sigmoid": 0.4105999254774501,
        "better_than_baseline": true,
        "weight": 0.8,
        "direction": 1,
        "expected_change": 0.35,
        "std": null,
        "baseline": 0.12,
        "current": 0.10481759160757065
      },
      "PARCOR": {
        "weighted_contribution": 0.6301658591019829,
        "fatigue_score": 0.8183972196129647,
        "relative_change": -0.5068555957693183,
        "normalized_effect": -2.3038889669564937,
        "raw_sigmoid": 0.9091986098064824,
        "better_than_baseline": false,
        "weight": 0.77,
        "direction": -1,
        "expected_change": 0.22,
        "std": null,
        "baseline": 0.45,
        "current": 0.22191497683525085
      },
      "Pitch": {
        "weighted_contribution": -0.7599999999999999,
        "fatigue_score": -0.9999999999999999,
        "relative_change": 0.3719262695126537,
        "normalized_effect": 37.42653783971236,
        "raw_sigmoid": 5.570076238488785e-17,
        "better_than_baseline": true,
        "weight": 0.76,
        "direction": -1,
        "expected_change": 0.075,
        "std": {
          "male": 18.5,
          "female": 26.5
        },
        "baseline": 200.0,
        "current": 274.38525390625
      },
      "MFCC": {
        "weighted_contribution": 0.6986947709553725,
        "fatigue_score": 0.9981353870791037,
        "relative_change": -0.7354832805725066,
        "normalized_effect": -6.97691623577654,
        "raw_sigmoid": 0.9990676935395518,
        "better_than_baseline": false,
        "weight": 0.7,
        "direction": -1,
        "expected_change": 0.275,
        "std": 11.5,
        "baseline": 30.0,
        "current": 7.935501575469971
      },
      "LPC": {
        "weighted_contribution": -0.07496402534577346,
        "fatigue_score": -0.11532926976272839,
        "relative_change": 0.02316894531234554,
        "normalized_effect": 0.23168942995451242,
        "raw_sigmoid": 0.4423353651186358,
        "better_than_baseline": true,
        "weight": 0.65,
        "direction": -1,
        "expected_change": 0.1,
        "std": null,
        "baseline": 1500.0,
        "current": 1534.75341796875
      }
    },
    "game": {
      "score": {
        "weighted_contribution": 0.6972250837305883,
        "fatigue_score": 0.8502744923543761,
        "relative_change": -0.3055555555131173,
        "normalized_effect": -2.5142856126467166,
        "raw_sigmoid": 0.9251372461771881,
        "better_than_baseline": false,
        "weight": 0.82,
        "direction": -1,
        "expected_change": 0.25,
        "std": 35.0,
        "baseline": 72.0,
        "current": 50.0
      }
    },
    "subjective": {
      "fatigue_self": {
        "weighted_contribution": 0.0,
        "fatigue_score": 0.0,
        "relative_change": null,
        "normalized_effect": 0.0,
        "raw_sigmoid": 0.5,
        "better_than_baseline": false,
        "weight": 1.0,
        "direction": 1,
        "expected_change": null,
        "std": null,
        "baseline": 0.0,
        "current": 5.0
      },
      "sleep_last": {
        "weighted_contribution": -0.5,
        "fatigue_score": -0.5,
        "relative_change": null,
        "normalized_effect": -0.5,
        "raw_sigmoid": 0.25,
        "better_than_baseline": true,
        "weight": 1.0,
        "direction": -1,
        "expected_change": null,
        "std": null,
        "baseline": 7.0,
        "current": 6.0
      },
      "sleep_previous": {
        "weighted_contribution": -0.4,
        "fatigue_score": -0.5,
        "relative_change": null,
        "normalized_effect": -0.5,
        "raw_sigmoid": 0.25,
        "better_than_baseline": true,
        "weight": 0.8,
        "direction": -1,
        "expected_change": null,
        "std": null,
        "baseline": 7.0,
        "current": 6.0
      }
    },
    "eye": {
      "fixation_duration": {
        "weighted_contribution": 1.0,
        "fatigue_score": 1.0,
        "relative_change": 174.56116767300014,
        "normalized_effect": 971.0518070756488,
        "raw_sigmoid": 1.0,
        "better_than_baseline": false,
        "weight": 1.0,
        "direction": 1,
        "expected_change": 0.63,
        "std": 0.08,
        "baseline": 0.28036600936790407,
        "current": 49.22138572606021
      },
      "saccade_count": {
        "weighted_contribution": -0.94,
        "fatigue_score": -1.0,
        "relative_change": -0.49411196964761156,
        "normalized_effect": -3033.1284992421815,
        "raw_sigmoid": 0.0,
        "better_than_baseline": true,
        "weight": 0.94,
        "direction": 1,
        "expected_change": 0.39,
        "std": 0.08,
        "baseline": 191.52262896920035,
        "current": 96.88900553219894
      },
      "fixation_count": {
        "weighted_contribution": 0.83,
        "fatigue_score": 1.0,
        "relative_change": 0.018534019262854605,
        "normalized_effect": 136.3563107619177,
        "raw_sigmoid": 1.0,
        "better_than_baseline": false,
        "weight": 0.83,
        "direction": 1,
        "expected_change": 0.28,
        "std": 0.07,
        "baseline": 144.1988448526657,
        "current": 146.87142902103173
      }
    }
  },
  "raw_score": 39.92744336687438,
  "modality_contributions": {
    "voice": {
      "score": 0.09534143627051687,
      "weight": 0.768,
      "weighted_contribution": 0.07322222305575696
    },
    "eye": {
      "score": 0.3212996389891697,
      "weight": 0.825,
      "weighted_contribution": 0.265072202166065
    },
    "game": {
      "score": 0.850274492354376,
      "weight": 0.82,
      "weighted_contribution": 0.6972250837305883
    },
    "subjective": {
      "score": -0.32142857142857145,
      "weight": 0.1,
      "weighted_contribution": -0.03214285714285715
    }
  },
  "measurement_warnings": [],
  "invalid_measurements": [],
  "quality_warning": null,
  "features": {
    "voice": {
      "dLPC": 0.10481759160757065,
      "PARCOR": 0.22191497683525085,
      "Pitch": 274.38525390625,
      "MFCC": 7.935501575469971,
      "LPC": 1534.75341796875,
      "events": [
        {
          "event_id": "voice_phrase_1",
          "prompt_text": "Sustained vowel 'Ah'",
          "prompt_type": "phrase",
          "event_type": "phrase",
          "status": "completed",
          "timestamp": 1779176520.3449435,
          "duration": 10.0,
          "audio_path": "C:\\Users\\לינוי\\Documents\\ער FORCE\\Main\\sessions\\3_2026-05-19_10-41-13\\voice\\voice_phrase_1.wav",
          "error": null
        }
      ]
    },
    "eye": {
      "fixation_duration": 49.22138572606021,
      "saccade_count": 96.88900553219894,
      "fixation_count": 146.87142902103173
    },
    "game": {
      "score": 50.0
    },
    "questionnaire": {
      "fatigue_self": 5,
      "sleep_last": 6,
      "sleep_previous": 6
    }
  },
  "baseline": {
    "voice": {
      "dLPC": 0.12,
      "PARCOR": 0.45,
      "LPC": 1500,
      "Pitch": 200,
      "MFCC": 30
    },
    "eye": {
      "fixation_duration": 0.28036600936790407,
      "fixation_count": 144.1988448526657,
      "saccade_count": 191.52262896920035
    },
    "game": {
      "score": 72
    },
    "questionnaire": {
      "fatigue_self": 0,
      "sleep_last": 7,
      "sleep_previous": 7
    }
  }
}