{
  "subject_id": 3,
  "subject_info": {
    "name": "מיה הראל",
    "sex": "female",
    "age": 24
  },
  "score": 28.618710243655563,
  "scores": {
    "voice": 3.722721083047822,
    "game": 85.0274492354376,
    "subjective": -32.142857142857146,
    "eye": 3.092783505154642
  },
  "feature_contributions": {
    "voice": {
      "dLPC": {
        "weighted_contribution": -0.10089543912779604,
        "fatigue_score": -0.12611929890974505,
        "relative_change": -0.08875611181517211,
        "normalized_effect": -0.2535888836550951,
        "raw_sigmoid": 0.4369403505451275,
        "better_than_baseline": true,
        "weight": 0.8,
        "direction": 1,
        "expected_change": 0.35,
        "std": null,
        "baseline": 0.12,
        "current": 0.10934926569461823
      },
      "PARCOR": {
        "weighted_contribution": 0.17902332493290812,
        "fatigue_score": 0.23249782458819235,
        "relative_change": -0.10420450667770505,
        "normalized_effect": -0.4736568270051672,
        "raw_sigmoid": 0.6162489122940962,
        "better_than_baseline": false,
        "weight": 0.77,
        "direction": -1,
        "expected_change": 0.22,
        "std": null,
        "baseline": 0.45,
        "current": 0.40310797095298767
      },
      "Pitch": {
        "weighted_contribution": -0.7599986457148646,
        "fatigue_score": -0.9999982180458745,
        "relative_change": 0.13843879699014836,
        "normalized_effect": 13.930946262078342,
        "raw_sigmoid": 8.909770627652868e-07,
        "better_than_baseline": true,
        "weight": 0.76,
        "direction": -1,
        "expected_change": 0.075,
        "std": {
          "male": 18.5,
          "female": 26.5
        },
        "baseline": 200.0,
        "current": 227.68775939941406
      },
      "MFCC": {
        "weighted_contribution": 0.6833367728295564,
        "fatigue_score": 0.9761953897565092,
        "relative_change": -0.4658414839145437,
        "normalized_effect": -4.419049485246872,
        "raw_sigmoid": 0.9880976948782546,
        "better_than_baseline": false,
        "weight": 0.7,
        "direction": -1,
        "expected_change": 0.275,
        "std": 11.5,
        "baseline": 30.0,
        "current": 16.024755477905273
      },
      "LPC": {
        "weighted_contribution": 0.135530122936356,
        "fatigue_score": 0.20850788144054766,
        "relative_change": -0.04232218424450952,
        "normalized_effect": -0.4232218001229152,
        "raw_sigmoid": 0.6042539407202738,
        "better_than_baseline": false,
        "weight": 0.65,
        "direction": -1,
        "expected_change": 0.1,
        "std": null,
        "baseline": 1500.0,
        "current": 1436.5167236328125
      }
    },
    "game": {
      "score": {
        "weighted_contribution": 0.6972250837305883,
        "fatigue_score": 0.8502744923543761,
        "relative_change": -0.3055555555131173,
        "normalized_effect": -2.5142856126467166,
        "raw_sigmoid": 0.9251372461771881,
        "better_than_baseline": false,
        "weight": 0.82,
        "direction": -1,
        "expected_change": 0.25,
        "std": 35.0,
        "baseline": 72.0,
        "current": 50.0
      }
    },
    "subjective": {
      "fatigue_self": {
        "weighted_contribution": 0.0,
        "fatigue_score": 0.0,
        "relative_change": null,
        "normalized_effect": 0.0,
        "raw_sigmoid": null,
        "better_than_baseline": false,
        "weight": 1.0,
        "direction": 1,
        "expected_change": null,
        "std": null,
        "baseline": 0.0,
        "current": 5.0
      },
      "sleep_last": {
        "weighted_contribution": -0.5,
        "fatigue_score": -0.5,
        "relative_change": null,
        "normalized_effect": -0.5,
        "raw_sigmoid": null,
        "better_than_baseline": true,
        "weight": 1.0,
        "direction": -1,
        "expected_change": null,
        "std": null,
        "baseline": 7.0,
        "current": 6.0
      },
      "sleep_previous": {
        "weighted_contribution": -0.4,
        "fatigue_score": -0.5,
        "relative_change": null,
        "normalized_effect": -0.5,
        "raw_sigmoid": null,
        "better_than_baseline": true,
        "weight": 0.8,
        "direction": -1,
        "expected_change": null,
        "std": null,
        "baseline": 7.0,
        "current": 6.0
      }
    },
    "eye": {
      "fixation_duration": {
        "weighted_contribution": 1.0,
        "fatigue_score": 1.0,
        "relative_change": 168.9568527950719,
        "normalized_effect": 939.8760297697384,
        "raw_sigmoid": 1.0,
        "better_than_baseline": false,
        "weight": 1.0,
        "direction": 1,
        "expected_change": 0.63,
        "std": 0.08,
        "baseline": 0.28036600936790407,
        "current": 47.65012627245115
      },
      "saccade_count": {
        "weighted_contribution": -0.94,
        "fatigue_score": -1.0,
        "relative_change": -0.41568266613882204,
        "normalized_effect": -2551.686700093136,
        "raw_sigmoid": 0.0,
        "better_than_baseline": true,
        "weight": 0.94,
        "direction": 1,
        "expected_change": 0.39,
        "std": 0.08,
        "baseline": 191.52262896920035,
        "current": 111.90999192920992
      }
    }
  },
  "raw_score": 28.618710243655563,
  "modality_contributions": {
    "voice": {
      "score": 0.03722721083047822,
      "weight": 0.768,
      "weighted_contribution": 0.02859049791780727
    },
    "eye": {
      "score": 0.03092783505154642,
      "weight": 0.825,
      "weighted_contribution": 0.025515463917525797
    },
    "game": {
      "score": 0.850274492354376,
      "weight": 0.82,
      "weighted_contribution": 0.6972250837305883
    },
    "subjective": {
      "score": -0.32142857142857145,
      "weight": 0.1,
      "weighted_contribution": -0.03214285714285715
    }
  },
  "measurement_warnings": [
    {
      "modality": "eye",
      "label": "תנועות עיניים",
      "detail": "invalid eye feature values ignored: fixation_count"
    }
  ],
  "invalid_measurements": [
    {
      "modality": "eye",
      "feature": "fixation_count",
      "value": 160.5665101593012,
      "reason": "out_of_range",
      "valid_range": [
        20.0,
        150.0
      ]
    }
  ],
  "quality_warning": "איכות ציון העייפות נמוכה עקב חוסר מדידה תקינה של תנועות עיניים",
  "features": {
    "voice": {
      "dLPC": 0.10934926569461823,
      "PARCOR": 0.40310797095298767,
      "Pitch": 227.68775939941406,
      "MFCC": 16.024755477905273,
      "LPC": 1436.5167236328125,
      "events": [
        {
          "event_id": "voice_phrase_1",
          "prompt_text": "Sustained vowel 'Ah'",
          "prompt_type": "phrase",
          "event_type": "phrase",
          "status": "completed",
          "timestamp": 1779174402.21226,
          "duration": 10.0,
          "audio_path": "C:\\Users\\לינוי\\Documents\\ער FORCE\\Main\\sessions\\3_2026-05-19_10-05-17\\voice\\voice_phrase_1.wav",
          "error": null
        }
      ]
    },
    "eye": {
      "fixation_duration": 47.65012627245115,
      "saccade_count": 111.90999192920992,
      "fixation_count": null
    },
    "game": {
      "score": 50.0
    },
    "questionnaire": {
      "fatigue_self": 5,
      "sleep_last": 6,
      "sleep_previous": 6
    }
  },
  "baseline": {
    "voice": {
      "dLPC": 0.12,
      "PARCOR": 0.45,
      "LPC": 1500,
      "Pitch": 200,
      "MFCC": 30
    },
    "eye": {
      "fixation_duration": 0.28036600936790407,
      "fixation_count": 144.1988448526657,
      "saccade_count": 191.52262896920035
    },
    "game": {
      "score": 72
    },
    "questionnaire": {
      "fatigue_self": 0,
      "sleep_last": 7,
      "sleep_previous": 7
    }
  }
}