{
  "subject_id": 3,
  "subject_info": {
    "name": "מיה הראל",
    "sex": "female",
    "age": 24
  },
  "score": 0.0,
  "scores": {
    "voice": -2.4360552499570387,
    "game": -59.52217075487296,
    "subjective": -32.142857142857146,
    "eye": -27.797833935018048
  },
  "feature_contributions": {
    "voice": {
      "dLPC": {
        "weighted_contribution": 0.05685145837836103,
        "fatigue_score": 0.07106432297295129,
        "relative_change": 0.049829021910864836,
        "normalized_effect": 0.14236862996336727,
        "raw_sigmoid": 0.5355321614864756,
        "better_than_baseline": false,
        "weight": 0.8,
        "direction": 1,
        "expected_change": 0.35,
        "std": null,
        "baseline": 0.12,
        "current": 0.125979483127594
      },
      "PARCOR": {
        "weighted_contribution": 0.052193555540308155,
        "fatigue_score": 0.06778383836403656,
        "relative_change": -0.029870694874197797,
        "normalized_effect": -0.1357758796201773,
        "raw_sigmoid": 0.5338919191820183,
        "better_than_baseline": false,
        "weight": 0.77,
        "direction": -1,
        "expected_change": 0.22,
        "std": null,
        "baseline": 0.45,
        "current": 0.43655818700790405
      },
      "Pitch": {
        "weighted_contribution": -0.7597885270161051,
        "fatigue_score": -0.9997217460738225,
        "relative_change": 0.08824485778367369,
        "normalized_effect": 8.879984501574269,
        "raw_sigmoid": 0.00013912696308876813,
        "better_than_baseline": true,
        "weight": 0.76,
        "direction": -1,
        "expected_change": 0.075,
        "std": {
          "male": 18.5,
          "female": 26.5
        },
        "baseline": 200.0,
        "current": 217.6489715576172
      },
      "MFCC": {
        "weighted_contribution": 0.6865185803186928,
        "fatigue_score": 0.9807408290267041,
        "relative_change": -0.4884206134439639,
        "normalized_effect": -4.633238848301989,
        "raw_sigmoid": 0.9903704145133521,
        "better_than_baseline": false,
        "weight": 0.7,
        "direction": -1,
        "expected_change": 0.275,
        "std": 11.5,
        "baseline": 30.0,
        "current": 15.347381591796875
      },
      "LPC": {
        "weighted_contribution": -0.12542190041967594,
        "fatigue_score": -0.19295676987642452,
        "relative_change": 0.03908129882786446,
        "normalized_effect": 0.39081294919734966,
        "raw_sigmoid": 0.40352161506178774,
        "better_than_baseline": true,
        "weight": 0.65,
        "direction": -1,
        "expected_change": 0.1,
        "std": null,
        "baseline": 1500.0,
        "current": 1558.6219482421875
      }
    },
    "game": {
      "score": {
        "weighted_contribution": -0.4880818001899582,
        "fatigue_score": -0.5952217075487296,
        "relative_change": 0.16666666664351854,
        "normalized_effect": 1.3714285159891182,
        "raw_sigmoid": 0.2023891462256352,
        "better_than_baseline": true,
        "weight": 0.82,
        "direction": -1,
        "expected_change": 0.25,
        "std": 35.0,
        "baseline": 72.0,
        "current": 84.0
      }
    },
    "subjective": {
      "fatigue_self": {
        "weighted_contribution": 0.0,
        "fatigue_score": 0.0,
        "relative_change": null,
        "normalized_effect": 0.0,
        "raw_sigmoid": null,
        "better_than_baseline": false,
        "weight": 1.0,
        "direction": 1,
        "expected_change": null,
        "std": null,
        "baseline": 0.0,
        "current": 5.0
      },
      "sleep_last": {
        "weighted_contribution": -0.5,
        "fatigue_score": -0.5,
        "relative_change": null,
        "normalized_effect": -0.5,
        "raw_sigmoid": null,
        "better_than_baseline": true,
        "weight": 1.0,
        "direction": -1,
        "expected_change": null,
        "std": null,
        "baseline": 7.0,
        "current": 6.0
      },
      "sleep_previous": {
        "weighted_contribution": -0.4,
        "fatigue_score": -0.5,
        "relative_change": null,
        "normalized_effect": -0.5,
        "raw_sigmoid": null,
        "better_than_baseline": true,
        "weight": 0.8,
        "direction": -1,
        "expected_change": null,
        "std": null,
        "baseline": 7.0,
        "current": 6.0
      }
    },
    "eye": {
      "fixation_duration": {
        "weighted_contribution": 1.0,
        "fatigue_score": 1.0,
        "relative_change": 150.21462386494255,
        "normalized_effect": 835.6164426356714,
        "raw_sigmoid": 1.0,
        "better_than_baseline": false,
        "weight": 1.0,
        "direction": 1,
        "expected_change": 0.63,
        "std": 0.08,
        "baseline": 0.28036600936790407,
        "current": 42.39544215322881
      },
      "saccade_count": {
        "weighted_contribution": -0.94,
        "fatigue_score": -1.0,
        "relative_change": -0.6193795818595174,
        "normalized_effect": -3802.0893582614885,
        "raw_sigmoid": 0.0,
        "better_than_baseline": true,
        "weight": 0.94,
        "direction": 1,
        "expected_change": 0.39,
        "std": 0.08,
        "baseline": 191.52262896920035,
        "current": 72.89742311542774
      },
      "fixation_count": {
        "weighted_contribution": -0.83,
        "fatigue_score": -1.0,
        "relative_change": -0.1825407179307552,
        "normalized_effect": -1342.967141010513,
        "raw_sigmoid": 0.0,
        "better_than_baseline": true,
        "weight": 0.83,
        "direction": 1,
        "expected_change": 0.28,
        "std": 0.07,
        "baseline": 144.1988448526657,
        "current": 117.87668418664911
      }
    }
  },
  "raw_score": -30.571655058351944,
  "modality_contributions": {
    "voice": {
      "score": -0.02436055249957039,
      "weight": 0.768,
      "weighted_contribution": -0.01870890431967006
    },
    "eye": {
      "score": -0.27797833935018046,
      "weight": 0.825,
      "weighted_contribution": -0.22933212996389887
    },
    "game": {
      "score": -0.5952217075487296,
      "weight": 0.82,
      "weighted_contribution": -0.4880818001899582
    },
    "subjective": {
      "score": -0.32142857142857145,
      "weight": 0.1,
      "weighted_contribution": -0.03214285714285715
    }
  },
  "measurement_warnings": [],
  "invalid_measurements": [],
  "quality_warning": null,
  "features": {
    "voice": {
      "dLPC": 0.125979483127594,
      "PARCOR": 0.43655818700790405,
      "Pitch": 217.6489715576172,
      "MFCC": 15.347381591796875,
      "LPC": 1558.6219482421875,
      "events": [
        {
          "event_id": "voice_phrase_1",
          "prompt_text": "Sustained vowel 'Ah'",
          "prompt_type": "phrase",
          "event_type": "phrase",
          "status": "completed",
          "timestamp": 1779173130.7300599,
          "duration": 10.0,
          "audio_path": "C:\\Users\\לינוי\\Documents\\ער FORCE\\Main\\sessions\\3_2026-05-19_09-43-22\\voice\\voice_phrase_1.wav",
          "error": null
        }
      ]
    },
    "eye": {
      "fixation_duration": 42.39544215322881,
      "saccade_count": 72.89742311542774,
      "fixation_count": 117.87668418664911
    },
    "game": {
      "score": 84.0
    },
    "questionnaire": {
      "fatigue_self": 5,
      "sleep_last": 6,
      "sleep_previous": 6
    }
  },
  "baseline": {
    "voice": {
      "dLPC": 0.12,
      "PARCOR": 0.45,
      "LPC": 1500,
      "Pitch": 200,
      "MFCC": 30
    },
    "eye": {
      "fixation_duration": 0.28036600936790407,
      "fixation_count": 144.1988448526657,
      "saccade_count": 191.52262896920035
    },
    "game": {
      "score": 72
    },
    "questionnaire": {
      "fatigue_self": 0,
      "sleep_last": 7,
      "sleep_previous": 7
    }
  }
}