{
  "subjects": {
    "1": {
      "id": 1,
      "name": "ישראל ישראלי",
      "sex": "male",
      "age": 28,
      "baseline": {
        "voice": {
          "dLPC": 0.42,
          "PARCOR": 0.55,
          "LPC": 0.61,
          "Pitch": 120.0,
          "MFCC": 0.5
        },
        "eye": {
          "fixation_duration": 0.22,
          "fixation_count": 120,
          "saccade_count": 150
        },
        "game": {
          "score": 85
        },
        "questionnaire": {
          "fatigue_self": 1,
          "sleep_last": 7,
          "sleep_previous": 7
        }
      }
    },
    "2": {
      "id": 2,
      "name": "שרה כהן",
      "sex": "female",
      "age": 25,
      "baseline": {
        "voice": {
          "dLPC": 0.4,
          "PARCOR": 0.53,
          "LPC": 0.6,
          "Pitch": 200.0,
          "MFCC": 0.55
        },
        "eye": {
          "fixation_duration": 0.2,
          "fixation_count": 125,
          "saccade_count": 160
        },
        "game": {
          "score": 80
        },
        "questionnaire": {
          "fatigue_self": 2,
          "sleep_last": 7,
          "sleep_previous": 7
        }
      }
    },
    "3": {
      "id": 3,
      "name": "מיה הראל",
      "sex": "female",
      "age": 24,
      "baseline": {
        "voice": {
          "dLPC": 0.37474603247480937,
          "PARCOR": 0.5517144600546122,
          "LPC": 0.5676467583287299,
          "Pitch": 154.31965105361414,
          "MFCC": 0.561842707244883
        },
        "eye": {
          "fixation_duration": 0.28036600936790407,
          "fixation_count": 144.1988448526657,
          "saccade_count": 191.52262896920035
        },
        "game": {
          "score": 72
        },
        "questionnaire": {
          "fatigue_self": 0,
          "sleep_last": 7,
          "sleep_previous": 7
        }
      }
    },
    "101": {
      "id": 101,
      "name": "Participant 101",
      "sex": "unknown",
      "age": 18,
      "baseline": {
        "voice": {
          "dLPC": 0.38045851482745907,
          "PARCOR": 0.5811223616020295,
          "LPC": 0.6570726986496267,
          "Pitch": 149.90777882977474,
          "MFCC": 0.5215460963588233
        },
        "eye": {
          "fixation_duration": 0.25738158269042016,
          "fixation_count": 128.63131170379927,
          "saccade_count": 191.98445286661308
        },
        "game": {
          "score": 74
        },
        "questionnaire": {
          "fatigue_self": 5,
          "sleep_last": 7,
          "sleep_previous": 7,
          "research_day": 1,
          "research_condition": "baseline",
          "study_id": "sleep_deprivation_research"
        }
      }
    }
  }
}
