{
  "fixation_duration": 49.22138572606021,
  "fixation_count": 146.87142902103173,
  "saccade_count": 96.88900553219894,
  "analysis": {
    "total_duration": 79.02761300001293,
    "fixations_per_minute": 146.87142902103173,
    "saccades_per_minute": 96.88900553219894,
    "fixation_duration_per_minute": 49.22138572606021,
    "mean_fixation_duration": 0.0,
    "mean_saccade_velocity": 0.0
  }
}