dLPC,PARCOR,LPC,Pitch,MFCC
0.15483444929122925,0.12194844335317612,0.18480217456817627,379.2056579589844,19.130708694458008
